Aktivitetstyp,Datum,Favorit,Namn,Distans,Kalorier,Tid,Medelpuls,Maxpuls,Aerobisk Training Effect,Medellöpkadens,Maximal löpkadens,Medeltempo,Bästa tempo,Total stigning,Totalt nedför,Medelsteglängd,Medelvärde för vertikal kvot,Medelvärde för vertikal rörelse,Medeltid för markkontakt,Medelkontakttidsbalans,Training Stress Score®,Totalt antal årtag,Medel-Swolf,Medelårtagstempo,Steg,Minsta temperatur,Dekompression,Bästa varvtid,Antal varv,Maximal temperatur,Genomsnittlig andning,Minsta andningshastighet,Maximal andningshastighet,Färdtid,Total tid,Min. höjd,Max. höjd
Löpning,2026-03-21 12:49:00,false,"Kungälv Löpning","16.56","977","01:41:12","141","160","3.6","166","172","6:07","4:56","115","112","0.98","--","--","--","--","0.0","--","--","--","16,836","14.0","Nej","00:01:11.8","3","27.0","31","12","35","01:41:12","01:42:03","2","39"
Löpning,2026-03-20 14:09:27,false,"Göteborg Löpning","7.27","446","00:46:11","139","148","2.9","160","166","6:21","5:12","19","21","0.98","--","--","--","--","0.0","--","--","--","7,354","20.0","Nej","00:46:11","1","29.0","31","17","33","00:46:11","00:46:11","1","12"
Löpning,2026-03-18 11:07:11,false,"Göteborg Löpning","12.19","752","01:11:21","152","165","3.9","164","180","5:51","4:32","53","57","1.04","--","--","--","--","0.0","--","--","--","11,640","17.0","Nej","00:01:00.0","9","30.0","34","20","36","01:11:20","01:11:36","--","27"
Löpning,2026-03-16 14:41:46,false,"Göteborg Löpning","12.21","744","01:10:47","151","166","3.9","163","182","5:48","3:38","53","55","1.05","--","--","--","--","0.0","--","--","--","11,424","12.0","Nej","00:01:00.0","14","28.0","33","12","37","01:10:28","01:10:47","-4","24"
Löpning,2026-03-14 14:56:33,false,"Kungälv Löpning","14.01","844","01:30:02","137","152","3.3","163","174","6:26","5:12","94","88","0.95","--","--","--","--","0.0","--","--","--","14,732","19.0","Nej","00:00:01.5","2","28.0","30","15","34","01:29:59","01:32:50","7","52"
Löpning,2026-03-13 19:00:42,false,"Kungälv Löpning","7.85","461","00:49:21","135","145","2.9","163","194","6:17","4:38","41","43","0.98","--","--","--","--","0.0","--","--","--","8,026","15.0","Nej","00:00:01.1","9","27.0","30","12","32","00:49:21","00:49:21","-0","30"
Löpning,2026-03-11 10:55:03,false,"Göteborg Löpning","11.59","710","01:07:45","151","161","3.8","164","174","5:51","4:29","44","111","1.04","--","--","--","--","0.0","--","--","--","11,094","16.0","Nej","00:01:00.0","8","30.0","33","18","36","01:07:44","01:07:45","-0","74"
Löpning,2026-03-09 12:12:43,false,"Göteborg Löpning","11.30","702","01:06:11","153","164","4.1","162","176","5:51","4:33","43","46","1.04","--","--","--","--","0.0","--","--","--","10,442","18.0","Nej","00:01:00.0","13","29.0","34","19","37","01:06:07","01:06:11","1","26"
Löpning,2026-03-07 15:34:20,false,"Kungälv Löpning","11.96","742","01:15:57","143","155","3.5","164","174","6:21","5:11","65","71","0.96","--","--","--","--","0.0","--","--","--","12,434","16.0","Nej","00:00:57.0","2","26.0","32","14","35","01:15:57","01:15:57","14","55"
Löpning,2026-03-06 14:12:15,false,"Göteborg Löpning","7.85","480","00:49:25","141","159","3.1","164","192","6:18","3:29","20","19","0.97","--","--","--","--","0.0","--","--","--","8,100","19.0","Nej","00:00:04.4","9","28.0","31","17","36","00:49:24","00:49:25","7","19"
Löpning,2026-03-04 11:23:14,false,"Göteborg Löpning","7.26","483","00:47:12","152","187","3.6","155","180","6:30","4:02","19","26","0.99","--","--","--","--","0.0","--","--","--","7,284","18.0","Nej","00:04:52.8","4","29.0","34","20","41","00:45:39","00:47:12","--","13"
Löpning,2026-03-02 12:36:55,false,"Göteborg Löpning","7.31","469","00:44:18","156","178","3.9","158","232","6:04","2:35","18","21","1.03","--","--","--","--","0.0","--","--","--","6,878","16.0","Nej","00:00:30","6","29.0","34","21","39","00:43:02","00:44:18","-1","13"
Löpning,2026-02-28 13:50:02,false,"Kungälv Löpning","11.87","714","01:17:34","140","152","3.4","162","176","6:32","4:48","77","72","0.94","--","--","--","--","0.0","--","--","--","12,632","13.0","Nej","00:02:33.7","2","30.0","31","20","34","01:17:31","01:20:57","2","41"
Löpning,2026-02-27 15:19:06,false,"Kungälv Löpning","8.20","486","00:52:10","140","153","3.1","163","204","6:22","4:29","38","43","0.97","--","--","--","--","0.0","--","--","--","8,468","15.0","Nej","00:00:20","10","28.0","31","17","34","00:52:10","00:52:10","2","28"
Löpning,2026-02-25 14:27:00,false,"Göteborg Löpning","8.73","545","00:55:04","143","158","3.4","159","178","6:18","4:21","37","41","0.99","--","--","--","--","0.0","--","--","--","8,658","9.0","Nej","00:01:00.0","22","29.0","32","19","35","00:55:04","00:55:04","--","22"
Löpning,2026-02-23 12:09:35,false,"Göteborg Löpning","8.33","540","00:52:05","153","167","3.7","159","178","6:15","4:29","29","30","1.00","--","--","--","--","0.0","--","--","--","8,198","18.0","Nej","00:01:00.0","12","29.0","34","20","37","00:52:03","00:52:05","--","19"
Löpning,2026-02-21 14:31:46,false,"Kungälv Löpning","13.23","831","01:30:03","144","160","3.5","161","170","6:48","5:12","101","96","0.91","--","--","--","--","0.0","--","--","--","14,464","13.0","Nej","00:00:02.3","2","24.0","32","17","35","01:29:58","01:31:52","4","40"
Löpning,2026-02-20 12:33:24,false,"Kungälv Löpning","5.49","352","00:33:43","155","179","3.4","160","186","6:08","3:40","19","94","1.01","--","--","--","--","0.0","--","--","--","5,346","14.0","Nej","00:00:30","7","28.0","34","19","40","00:33:42","00:34:14","2","79"
Löpning,2026-02-18 10:54:05,false,"Kungälv Löpning","8.03","551","01:09:04","135","179","3.2","128","206","8:36","3:49","25","84","0.86","--","--","--","--","0.0","--","--","--","8,750","13.0","Nej","00:00:30.0","21","27.0","30","17","40","00:57:57","01:09:04","3","18"
Löpning,2026-02-16 12:11:18,false,"Göteborg Löpning","7.73","496","00:51:34","147","158","3.2","161","225","6:40","4:06","25","25","0.93","--","--","--","--","0.0","--","--","--","8,266","14.0","Nej","00:00:20.0","10","29.0","32","20","36","00:51:13","00:51:34","-2","11"
Löpning,2026-02-10 13:38:40,false,"Kungälv Löpning","7.51","491","00:47:38","155","169","3.4","163","194","6:21","5:14","41","121","0.96","--","--","--","--","0.0","--","--","--","7,756","14.0","Nej","00:03:11.9","8","28.0","34","18","37","00:47:35","00:47:42","-1","87"
Löpning,2026-02-09 12:57:24,false,"Kungälv Löpning","5.74","392","00:37:04","155","171","3.3","162","177","6:27","5:51","43","45","0.96","--","--","--","--","0.0","--","--","--","6,030","12.0","Nej","00:37:04","1","23.0","34","15","38","00:36:44","00:37:04","-9","27"
Löpning,2026-01-30 14:19:06,false,"Göteborg Löpning","6.80","429","00:43:06","144","159","3.0","164","172","6:20","5:38","42","48","0.96","--","--","--","--","0.0","--","--","--","7,076","9.0","Nej","00:43:06","1","27.0","32","15","35","00:43:06","00:43:06","4","27"
Löpning,2026-01-28 11:06:00,false,"Göteborg Löpning","11.57","748","01:10:23","153","172","4.1","160","178","6:05","4:27","58","61","1.02","--","--","--","--","0.0","--","--","--","11,166","13.0","Nej","00:01:00.0","27","29.0","34","18","38","01:10:20","01:10:23","1","27"
Löpning,2026-01-26 14:00:39,false,"Kungälv Löpning","8.18","509","00:47:50","150","166","3.9","162","174","5:51","4:43","28","32","1.04","--","--","--","--","0.0","--","--","--","7,658","7.0","Nej","00:01:00.0","12","25.0","33","17","37","00:47:50","00:50:02","-2","20"
Löpning,2026-01-24 13:27:32,false,"Kungälv Löpning","12.06","754","01:20:07","144","160","3.4","161","168","6:39","5:36","88","89","0.93","--","--","--","--","0.0","--","--","--","12,918","12.0","Nej","00:00:05.6","2","25.0","32","15","36","01:20:03","01:24:43","2","40"
Löpning,2026-01-23 14:19:33,false,"Göteborg Löpning","7.27","453","00:47:38","139","150","3.0","162","174","6:33","5:11","20","27","0.94","--","--","--","--","0.0","--","--","--","7,738","12.0","Nej","00:02:37.2","2","27.0","31","19","33","00:47:37","00:47:38","-0","13"
Löpning,2026-01-21 11:33:09,false,"Göteborg Löpning","13.54","840","01:22:43","149","163","4.0","164","172","6:07","4:44","61","66","1.00","--","--","--","--","0.0","--","--","--","13,460","13.0","Nej","00:02:41.9","23","29.0","33","15","36","01:22:39","01:22:43","-0","28"
Löpning,2026-01-19 12:10:21,false,"Göteborg Löpning","8.45","528","00:51:21","150","166","3.6","161","172","6:05","4:47","27","90","1.02","--","--","--","--","0.0","--","--","--","8,208","14.0","Nej","00:01:00.0","12","26.0","33","21","37","00:51:14","00:51:21","-3","19"
Löpning,2026-01-17 12:58:52,false,"Kungälv Löpning","10.14","599","01:09:20","133","144","3.0","160","168","6:50","5:45","50","51","0.91","--","--","--","--","0.0","--","--","--","11,072","15.0","Nej","01:09:20","1","22.0","29","18","32","01:09:20","01:09:20","1","24"
Löpning,2026-01-16 14:15:38,false,"Göteborg Löpning","5.29","317","00:36:02","139","149","2.4","160","170","6:49","5:51","36","41","0.92","--","--","--","--","0.0","--","--","--","5,774","16.0","Nej","00:36:02","1","28.0","31","17","33","00:35:57","00:36:02","-3","27"
Löpning,2026-01-14 11:34:42,false,"Göteborg Löpning","12.14","769","01:18:17","147","168","3.8","158","172","6:27","4:32","66","69","0.98","--","--","--","--","0.0","--","--","--","12,274","15.0","Nej","00:03:00.0","22","29.0","32","15","37","01:18:14","01:18:17","5","25"
Löpning,2026-01-13 17:10:49,false,"Göteborg Löpning","6.16","370","00:43:03","141","148","2.5","160","176","6:59","5:31","33","97","0.89","--","--","--","--","0.0","--","--","--","6,866","15.0","Nej","00:43:03","1","29.0","31","18","33","00:43:03","00:43:22","3","71"
Löpning,2026-01-12 14:35:49,false,"Kungälv Löpning","6.74","434","00:41:15","149","170","3.4","160","176","6:07","4:47","21","96","1.01","--","--","--","--","0.0","--","--","--","6,548","9.0","Nej","00:00:59.7","10","29.0","33","17","38","00:41:09","00:42:31","15","33"
Löpning,2026-01-10 14:54:17,false,"Kungälv Löpning","7.71","511","00:49:36","153","169","3.4","163","170","6:26","5:19","51","129","0.96","--","--","--","--","0.0","--","--","--","8,054","5.0","Nej","00:04:20.6","8","19.0","34","20","37","00:49:35","00:49:36","-10","79"
Löpning,2026-01-09 14:16:01,false,"Göteborg Löpning","7.15","486","00:46:57","151","167","3.3","162","174","6:34","4:52","20","24","0.94","--","--","--","--","0.0","--","--","--","7,572","14.0","Nej","00:00:51.5","8","28.0","33","19","37","00:46:49","00:46:57","-6","13"
Löpning,2025-12-23 13:13:02,false,"Löpning","10.01","617","00:59:05","153","172","3.5","162","172","5:54","5:04","5","--","1.04","--","--","--","--","0.0","--","--","--","46","22.0","Nej","00:05:06.6","10","29.0","33","21","38","00:59:02","00:59:05","-3","3"
Löpning,2025-12-21 17:23:57,false,"Löpning","10.01","594","01:01:28","149","162","3.2","158","174","6:09","5:04","--","8","1.03","--","--","--","--","0.0","--","--","--","618","22.0","Nej","00:05:07.5","10","30.0","33","18","35","00:59:27","01:01:28","-32","-23"
Annan,2025-12-20 07:54:53,false,"Takua Pa Spåra mig","7.44","540","00:48:03","161","179","3.9","150","179","9.3","12.7","20","19","1.03","--","--","--","--","0.0","--","--","--","7,360","30.0","Nej","00:48:03","1","33.0","--","--","--","00:44:24","00:49:22","1","16"
Löpning,2025-12-20 07:46:42,false,"Takua Pa Löpning","0.62","37","00:04:45.1","121","138","0.6","147","170","7:38","5:47","3","2","0.89","--","--","--","--","0.0","--","--","--","670","31.0","Nej","00:04:45.1","1","32.0","--","--","--","00:04:28","00:04:45.1","6","11"
Löpning,2025-12-18 07:36:40,false,"Takua Pa Löpning","10.82","740","01:14:26","158","174","3.4","153","186","6:53","5:10","83","74","0.95","--","--","--","--","0.0","--","--","--","11,304","29.0","Nej","01:14:26","1","34.0","35","19","38","01:11:29","01:16:45","4","30"
Löpning,2025-12-17 14:52:41,false,"Takua Pa Löpning","7.37","537","00:50:54","163","176","3.4","152","176","6:54","5:05","47","46","0.95","--","--","--","--","0.0","--","--","--","7,720","32.0","Nej","00:50:54","1","37.0","36","19","39","00:50:26","00:53:40","10","23"
Löpning,2025-12-15 12:02:59,false,"Göteborg Löpning","7.87","504","00:46:46","149","166","3.5","164","174","5:57","4:50","45","44","1.03","--","--","--","--","0.0","--","--","--","7,626","17.0","Nej","00:01:45.9","12","27.0","33","17","36","00:46:46","00:46:46","-8","16"
Löpning,2025-12-13 16:45:30,false,"Kungälv Löpning","7.32","461","00:48:42","136","145","2.7","160","168","6:39","5:30","38","42","0.94","--","--","--","--","0.0","--","--","--","7,810","18.0","Nej","00:01:11.5","2","29.0","30","12","32","00:48:41","00:48:42","3","30"
Löpning,2025-12-12 11:43:38,false,"Kungälv Löpning","7.00","429","00:46:05","136","152","2.7","163","178","6:35","4:23","27","23","0.93","--","--","--","--","0.0","--","--","--","7,490","19.0","Nej","00:00:20.0","14","28.0","30","16","33","00:46:05","00:46:09","-1","14"
Löpning,2025-12-10 12:03:56,false,"Kungälv Löpning","4.80","308","00:34:22","134","176","2.9","146","204","7:10","3:46","36","32","0.92","--","--","--","--","0.0","--","--","--","4,972","18.0","Nej","00:00:10.0","11","28.0","29","18","39","00:32:26","00:37:54","-0","22"
Löpning,2025-12-09 17:10:53,false,"Göteborg Löpning","7.16","443","00:46:49","136","152","2.7","160","180","6:32","4:08","19","26","0.95","--","--","--","--","0.0","--","--","--","7,466","18.0","Nej","00:00:20.0","14","27.0","30","11","34","00:46:49","00:46:49","-7","10"
Löpning,2025-12-08 13:18:26,false,"Kungälv Löpning","3.55","220","00:24:10","129","170","2.2","156","252","6:49","3:33","66","98","0.93","--","--","--","--","0.0","--","--","--","3,650","17.0","Nej","00:00:10.0","10","26.0","28","12","37","00:23:14","00:29:19","-3","42"
Löpning,2025-12-06 13:37:17,false,"Kungälv Löpning","16.77","991","01:46:56","143","152","3.4","164","174","6:23","4:51","116","114","0.96","--","--","--","--","0.0","--","--","--","17,592","16.0","Nej","00:11:55","3","28.0","31","19","34","01:46:55","01:47:20","-5","41"
Löpning,2025-12-05 14:22:54,false,"Göteborg Löpning","7.23","443","00:45:40","143","156","2.9","163","182","6:19","4:08","25","38","0.97","--","--","--","--","0.0","--","--","--","7,426","14.0","Nej","00:00:20.0","14","27.0","32","14","34","00:45:39","00:45:40","-11","16"
Löpning,2025-12-03 11:12:47,false,"Göteborg Löpning","11.64","699","01:09:55","148","167","3.5","163","184","6:00","4:01","52","61","1.02","--","--","--","--","0.0","--","--","--","11,248","15.0","Nej","00:00:30.0","26","28.0","33","13","37","01:09:53","01:09:55","-5","34"
Löpning,2025-12-01 13:54:06,false,"Kungälv Löpning","10.46","639","01:02:21","140","169","3.6","163","208","5:58","3:30","61","54","1.02","--","--","--","--","0.0","--","--","--","10,032","17.0","Nej","00:01:45.0","22","28.0","31","12","37","01:01:37","01:04:50","-2","21"
Löpning,2025-11-29 12:53:51,false,"Kungälv - Moderate Long Run (Time)","20.01","1,179","02:04:25","142","160","3.7","164","176","6:13","4:23","139","129","0.98","--","--","--","--","0.0","--","--","--","20,464","17.0","Nej","00:14:25","4","27.0","31","15","35","02:04:18","02:13:29","-1","41"
Löpning,2025-11-28 14:19:35,false,"Göteborg - Easy + Strides","7.23","446","00:44:16","143","153","3.0","162","180","6:07","3:55","32","33","1.01","--","--","--","--","0.0","--","--","--","7,124","17.0","Nej","00:00:20","19","27.0","--","--","--","00:44:14","00:44:16","4","18"
Löpning,2025-11-26 11:22:48,false,"Göteborg - Zoom Aerobic Capacity","11.73","722","01:10:14","154","174","3.7","160","176","5:59","4:07","64","65","1.03","--","--","--","--","0.0","--","--","--","11,204","12.0","Nej","00:00:21.2","18","28.0","34","17","38","01:10:02","01:10:14","-1","32"
Löpning,2025-11-25 17:11:14,false,"Göteborg - Easy + Strides","7.19","436","00:45:53","133","148","2.8","162","176","6:23","4:25","29","31","0.97","--","--","--","--","0.0","--","--","--","7,392","13.0","Nej","00:00:20","19","28.0","29","13","33","00:45:49","00:45:53","-7","18"
Löpning,2025-11-24 12:56:21,false,"Göteborg - Zoom Aerobic Capacity","11.79","712","01:09:51","147","169","3.7","162","176","5:55","4:27","53","59","1.04","--","--","--","--","0.0","--","--","--","11,242","13.0","Nej","00:00:14.7","18","30.0","32","14","37","01:09:43","01:09:51","-1","24"
Löpning,2025-11-22 09:59:29,false,"Kungälv Löpning","14.93","899","01:33:27","145","156","3.5","164","170","6:16","5:07","112","120","0.97","--","--","--","--","0.0","--","--","--","15,326","17.0","Nej","01:33:27","1","27.0","32","15","34","01:33:27","01:33:46","-0","41"
Löpning,2025-11-21 15:19:26,false,"Kungälv Löpning","7.57","446","00:47:51","139","155","2.8","163","186","6:19","4:04","58","61","0.97","--","--","--","--","0.0","--","--","--","7,754","9.0","Nej","00:00:20.0","14","26.0","30","13","34","00:47:51","00:49:56","-7","34"
Löpning,2025-11-19 11:56:31,false,"Göteborg Löpning","10.26","642","01:02:24","151","169","3.6","163","184","6:05","4:18","71","74","1.01","--","--","--","--","0.0","--","--","--","10,048","14.0","Nej","00:00:20.0","23","27.0","33","15","37","01:02:14","01:02:24","-0","36"
Löpning,2025-11-18 17:12:48,false,"Göteborg Löpning","7.23","434","00:46:18","138","148","2.7","163","182","6:24","5:17","36","43","0.96","--","--","--","--","0.0","--","--","--","7,540","11.0","Nej","00:46:18","1","29.0","31","19","33","00:46:18","00:46:18","-9","17"
Löpning,2025-11-17 12:11:28,false,"Göteborg Löpning","12.15","726","01:11:39","151","164","3.6","165","188","5:54","3:43","68","73","1.03","--","--","--","--","0.0","--","--","--","11,718","17.0","Nej","00:00:30.0","26","27.0","33","18","36","01:11:39","01:11:39","-2","36"
Löpning,2025-11-15 13:24:03,false,"Göteborg Löpning","15.40","931","01:41:16","136","152","3.3","160","170","6:35","5:33","124","111","0.95","--","--","--","--","0.0","--","--","--","16,238","13.0","Nej","01:41:16","1","25.0","30","15","34","01:41:16","01:44:01","4","62"
Löpning,2025-11-14 14:49:39,false,"Kungälv Löpning","7.87","458","00:50:44","137","150","2.9","162","204","6:27","4:05","55","61","0.96","--","--","--","--","0.0","--","--","--","8,176","14.0","Nej","00:00:20.0","14","29.0","30","20","34","00:50:43","00:50:44","-6","32"
Löpning,2025-11-12 11:27:52,false,"Göteborg Löpning","7.76","480","00:43:25","156","171","3.6","163","182","5:36","4:32","64","56","1.09","--","--","--","--","0.0","--","--","--","7,018","14.0","Nej","00:00:04.3","11","19.0","34","20","37","00:43:24","00:43:25","1","18"
Löpning,2025-11-12 11:00:09,false,"Göteborg Löpning","3.17","187","00:20:30","137","147","2.1","163","170","6:28","5:15","35","66","0.95","--","--","--","--","0.0","--","--","--","3,318","16.0","Nej","00:00:01.0","3","29.0","30","17","33","00:20:25","00:20:30","-5","30"
Löpning,2025-11-11 17:01:08,false,"Göteborg Löpning","7.63","480","00:50:18","140","159","3.0","160","178","6:36","4:00","32","55","0.95","--","--","--","--","0.0","--","--","--","7,982","16.0","Nej","00:00:20.0","14","31.0","31","14","35","00:49:41","00:50:18","-8","30"
Löpning,2025-11-10 12:09:00,false,"Göteborg Löpning","7.81","489","00:51:23","140","156","3.0","159","182","6:35","3:51","32","45","0.95","--","--","--","--","0.0","--","--","--","8,178","18.0","Nej","00:00:20.0","14","27.0","31","14","34","00:50:43","00:52:00","-2","16"
Löpning,2025-11-08 13:07:53,false,"Kungälv Löpning","15.70","929","01:43:45","135","153","3.3","162","172","6:37","5:28","110","111","0.93","--","--","--","--","0.0","--","--","--","16,908","14.0","Nej","01:43:45","1","25.0","30","15","34","01:43:43","01:44:16","-2","43"
Löpning,2025-11-07 14:26:55,false,"Göteborg Löpning","7.22","445","00:46:06","137","149","3.0","163","176","6:23","4:17","32","40","0.96","--","--","--","--","0.0","--","--","--","7,458","16.0","Nej","00:00:20","14","27.0","30","13","33","00:46:05","00:46:06","-14","17"
Löpning,2025-11-05 12:14:57,false,"Göteborg Löpning","8.01","499","00:48:42","150","175","3.5","155","178","6:05","4:12","40","23","1.04","--","--","--","--","0.0","--","--","--","7,520","16.0","Nej","00:02:00.2","13","20.0","33","21","38","00:48:40","00:48:42","-7","16"
Löpning,2025-11-05 11:54:32,false,"Göteborg Löpning","2.92","171","00:20:01","133","146","2.0","158","170","6:51","4:54","30","51","0.92","--","--","--","--","0.0","--","--","--","3,124","17.0","Nej","00:00:00.4","14","28.0","29","15","32","00:19:59","00:20:01","-12","30"
Löpning,2025-11-04 15:53:29,false,"Göteborg Löpning","10.14","587","01:07:45","134","151","2.8","162","172","6:41","5:35","72","74","0.93","--","--","--","--","0.0","--","--","--","10,956","19.0","Nej","00:12:45","2","28.0","30","19","33","01:07:45","01:07:45","-7","30"
Löpning,2025-11-03 14:52:58,false,"Kungälv Löpning","7.65","497","00:50:04","144","159","3.1","161","176","6:32","4:09","58","64","0.95","--","--","--","--","0.0","--","--","--","8,048","18.0","Nej","00:00:20.0","14","29.0","32","16","35","00:50:03","00:50:04","3","29"
Löpning,2025-11-01 11:50:07,false,"Göteborg Löpning","9.96","610","00:53:18","176","183","4.0","167","198","5:21","3:51","187","180","1.12","--","--","--","--","0.0","--","--","--","8,860","17.0","Nej","00:53:18","1","22.0","39","29","40","00:53:18","00:53:18","50","107"
Löpning,2025-10-29 15:46:26,false,"Kungälv Löpning","7.86","495","00:50:21","140","154","3.1","161","176","6:24","4:28","51","53","0.97","--","--","--","--","0.0","--","--","--","8,050","18.0","Nej","00:00:20.0","14","29.0","31","14","34","00:49:59","00:50:21","6","26"
Löpning,2025-10-28 06:48:53,false,"Göteborg Löpning","6.89","435","00:44:19","143","154","3.0","165","172","6:26","5:26","22","28","0.94","--","--","--","--","0.0","--","--","--","7,334","17.0","Nej","00:44:19","1","27.0","32","15","35","00:44:19","00:44:19","-4","14"
Löpning,2025-10-27 07:13:43,false,"Göteborg Löpning","6.88","436","00:42:32","148","163","3.1","164","178","6:11","4:17","30","34","0.97","--","--","--","--","0.0","--","--","--","7,044","16.0","Nej","00:00:20.0","14","28.0","33","17","36","00:42:30","00:42:32","-5","16"
Löpning,2025-10-25 14:24:47,false,"Kungälv Löpning","15.15","910","01:30:10","148","160","3.8","165","176","5:57","4:31","140","135","1.02","--","--","--","--","0.0","--","--","--","14,788","18.0","Nej","00:01:30.0","14","29.0","33","17","35","01:29:54","01:30:29","1","44"
Löpning,2025-10-24 15:33:25,false,"Kungälv Löpning","7.16","495","00:45:33","108","155","2.6","162","188","6:22","3:39","81","61","0.97","--","--","--","--","0.0","--","--","--","7,332","17.0","Nej","00:00:10.0","11","27.0","--","--","--","00:45:32","00:45:33","-4","37"
Löpning,2025-10-22 12:19:23,false,"Göteborg Löpning","10.23","612","01:01:15","150","174","3.6","165","176","5:59","4:38","71","73","1.01","--","--","--","--","0.0","--","--","--","10,054","20.0","Nej","00:01:00.0","12","28.0","33","19","38","01:01:15","01:01:15","-4","31"
Löpning,2025-10-21 16:54:08,false,"Göteborg Löpning","6.08","354","00:39:06","139","146","2.5","163","174","6:26","5:17","42","49","0.95","--","--","--","--","0.0","--","--","--","6,396","19.0","Nej","00:39:06","1","24.0","31","18","32","00:39:03","00:39:06","-1","28"
Löpning,2025-10-20 12:55:24,false,"Göteborg Löpning","9.36","556","00:58:47","143","167","3.2","158","176","6:17","4:25","69","82","0.99","--","--","--","--","0.0","--","--","--","9,342","21.0","Nej","00:01:00.0","16","29.0","31","12","37","00:58:46","00:58:47","-3","32"
Löpning,2025-10-19 13:02:29,false,"Kungälv Löpning","12.18","711","01:16:39","138","153","3.2","163","200","6:18","5:24","71","74","0.98","--","--","--","--","0.0","--","--","--","12,498","16.0","Nej","00:00:56.9","13","25.0","30","15","34","01:16:38","01:16:39","-8","26"
Löpning,2025-10-17 15:02:11,false,"Göteborg Löpning","5.86","382","00:33:54","108","155","2.5","164","182","5:47","3:45","53","53","1.06","--","--","--","--","0.0","--","--","--","5,552","14.0","Nej","00:00:10.0","10","26.0","--","--","--","00:33:46","00:33:54","1","26"
Löpning,2025-10-15 12:42:31,false,"Kungälv Löpning","7.17","484","00:55:58","134","162","2.2","143","206","7:48","3:28","84","83","0.87","--","--","--","--","0.0","--","--","--","7,778","18.0","Nej","00:00:15.0","25","28.0","--","--","--","00:53:24","00:55:58","-0","25"
Löpning,2025-10-14 16:56:06,false,"Göteborg Löpning","6.06","405","00:39:38","129","157","2.3","161","170","6:32","5:28","53","38","0.95","--","--","--","--","0.0","--","--","--","6,360","21.0","Nej","00:39:38","1","27.0","--","--","--","00:39:38","00:39:38","-14","24"
Löpning,2025-10-13 12:18:01,false,"Göteborg Löpning","8.26","550","00:52:51","140","158","3.0","160","174","6:24","4:29","54","51","0.98","--","--","--","--","0.0","--","--","--","8,320","22.0","Nej","00:01:00.0","22","26.0","--","--","--","00:52:51","00:52:51","-1","16"
Löpning,2025-10-11 12:51:39,false,"Kungälv Löpning","14.12","883","01:28:12","148","174","3.8","164","206","6:15","4:43","124","116","0.98","--","--","--","--","0.0","--","--","--","14,342","21.0","Nej","00:03:09.2","5","30.0","--","--","--","01:28:08","01:35:05","-8","42"
Löpning,2025-10-10 14:51:15,false,"Kungälv Löpning","5.90","369","00:38:20","147","166","2.9","161","202","6:30","3:35","71","62","0.95","--","--","--","--","0.0","--","--","--","6,150","22.0","Nej","00:00:10.0","10","28.0","--","--","--","00:38:20","00:38:20","-6","30"
Löpning,2025-10-08 12:02:16,false,"Göteborg Löpning","10.30","618","01:01:49","148","171","3.7","162","180","6:00","3:55","102","107","1.02","--","--","--","--","0.0","--","--","--","9,928","20.0","Nej","00:01:00","16","27.0","--","--","--","01:01:48","01:01:49","-3","38"
Löpning,2025-10-07 13:44:08,false,"Göteborg Löpning","5.16","370","00:32:52","79","100","2.0","161","170","6:22","5:20","74","41","0.97","--","--","--","--","0.0","--","--","--","5,304","20.0","Nej","00:32:52","1","28.0","--","--","--","00:32:50","00:32:52","-22","30"
Löpning,2025-10-06 12:02:40,false,"Göteborg Löpning","7.73","480","00:48:16","144","164","3.2","161","180","6:15","4:27","46","102","0.99","--","--","--","--","0.0","--","--","--","7,624","21.0","Nej","00:00:15.3","21","27.0","--","--","--","00:48:16","00:48:16","-5","61"
Löpning,2025-10-05 15:59:55,false,"Kungälv Löpning","10.41","684","01:03:39","154","173","3.5","163","172","6:07","4:27","88","86","1.00","--","--","--","--","0.0","--","--","--","10,396","18.0","Nej","00:02:17.0","11","29.0","--","--","--","01:03:39","01:03:39","-3","31"
Löpning,2025-10-03 06:56:28,false,"Göteborg Löpning","5.58","387","00:35:29","101","153","2.4","161","192","6:22","3:09","47","53","0.97","--","--","--","--","0.0","--","--","--","5,676","15.0","Nej","00:00:10.0","10","29.0","--","--","--","00:35:24","00:35:29","1","30"
Löpning,2025-10-01 10:59:05,false,"Göteborg Löpning","8.51","521","00:52:38","142","160","3.2","161","182","6:11","3:58","58","150","1.00","--","--","--","--","0.0","--","--","--","8,386","20.0","Nej","00:01:00.0","18","28.0","--","--","--","00:52:38","00:52:38","-3","96"
Löpning,2025-09-30 10:46:52,false,"Göteborg Löpning","5.05","305","00:32:27","144","158","2.5","162","172","6:26","5:16","54","61","0.96","--","--","--","--","0.0","--","--","--","5,256","19.0","Nej","00:32:27","1","27.0","--","--","--","00:32:25","00:32:27","1","40"
Löpning,2025-09-29 12:14:09,false,"Göteborg Löpning","8.16","542","00:50:54","144","167","3.1","160","178","6:14","4:06","54","52","1.00","--","--","--","--","0.0","--","--","--","8,060","21.0","Nej","00:01:00.0","19","25.0","--","--","--","00:50:53","00:50:54","-2","18"
Löpning,2025-09-27 18:07:46,false,"Kungälv Löpning","10.23","666","00:59:55","158","177","4.1","161","170","5:51","4:30","74","74","1.06","--","--","--","--","0.0","--","--","--","9,614","18.0","Nej","00:01:18.4","11","29.0","--","--","--","00:59:54","01:01:06","9","33"
Löpning,2025-09-24 12:18:56,false,"Göteborg Löpning","10.19","604","01:05:22","139","150","3.0","159","174","6:25","4:47","99","94","0.98","--","--","--","--","0.0","--","--","--","10,346","23.0","Nej","01:05:22","1","31.0","--","--","--","01:05:22","01:06:20","-5","35"
Löpning,2025-09-23 17:10:38,false,"Göteborg Löpning","10.13","631","00:59:37","148","168","3.7","161","176","5:53","4:13","100","100","1.05","--","--","--","--","0.0","--","--","--","9,422","20.0","Nej","00:01:00.0","21","27.0","--","--","--","00:59:37","00:59:37","-8","37"
Löpning,2025-09-22 13:16:50,false,"Göteborg Löpning","7.65","476","00:47:41","145","159","3.1","159","168","6:14","5:11","106","106","1.01","--","--","--","--","0.0","--","--","--","7,576","21.0","Nej","00:47:41","1","29.0","--","--","--","00:47:21","00:47:41","-6","27"
Löpning,2025-09-20 11:00:01,false,"Göteborg Löpning","7.94","816","01:25:57","164","182","3.8","100","244","10:49","4:32","206","202","0.92","--","--","--","--","0.0","--","--","--","9,788","21.0","Nej","01:25:57","1","30.0","--","--","--","01:04:23","01:25:57","-46","109"
Löpning,2025-09-19 13:21:36,false,"Kungälv Löpning","5.73","359","00:32:34","142","160","3.4","162","196","5:41","4:13","43","40","1.08","--","--","--","--","0.0","--","--","--","5,256","23.0","Nej","00:03:35.0","6","29.0","--","--","--","00:32:32","00:32:34","-3","27"
Löpning,2025-09-17 11:54:37,false,"Kungälv Löpning","4.47","314","00:33:27","130","162","3.3","138","190","7:29","3:30","60","63","0.93","--","--","--","--","0.0","--","--","--","4,426","21.0","Nej","00:00:10.0","11","30.0","--","--","--","00:30:00","00:33:27","-3","23"
Löpning,2025-09-15 12:37:28,false,"Göteborg Löpning","10.21","636","01:03:42","145","163","3.3","160","170","6:14","5:10","59","63","1.00","--","--","--","--","0.0","--","--","--","10,162","18.0","Nej","00:01:07.7","11","26.0","--","--","--","01:03:04","01:03:42","-0","32"
Löpning,2025-09-13 16:18:20,false,"Kungälv Löpning","6.71","455","00:43:20","153","195","4.0","149","250","6:28","3:19","81","77","1.01","--","--","--","--","0.0","--","--","--","6,204","23.0","Nej","00:00:10.0","11","30.0","--","--","--","00:40:50","00:43:20","5","26"
Löpning,2025-09-12 14:24:05,false,"Göteborg Löpning","7.28","453","00:45:01","142","156","3.2","160","178","6:11","3:51","68","132","1.01","--","--","--","--","0.0","--","--","--","7,098","22.0","Nej","00:00:20.0","14","28.0","--","--","--","00:45:01","00:45:01","1","81"
Löpning,2025-09-10 11:19:00,false,"Kungälv Löpning","4.09","275","00:29:04","135","166","3.0","144","214","7:06","2:58","47","46","0.97","--","--","--","--","0.0","--","--","--","4,020","27.0","Nej","00:00:10.0","11","31.0","--","--","--","00:26:42","00:31:28","5","24"
Löpning,2025-09-09 17:15:05,false,"Göteborg Löpning","5.70","348","00:34:19","142","163","3.1","161","166","6:01","4:55","41","40","1.03","--","--","--","--","0.0","--","--","--","5,472","26.0","Nej","00:04:00.2","6","30.0","--","--","--","00:34:18","00:34:19","4","33"
Terränglöpning,2025-09-06 11:00:20,false,"Göteborg trailrun","32.73","2,148","05:12:36","143","175","4.7","119","250","9:33","4:34","1,195","1,250","0.88","--","--","--","--","0.0","--","--","--","40,092","23.0","Nej","05:12:36","1","32.0","--","--","--","04:58:49","05:12:36","20","149"
Löpning,2025-09-05 14:29:25,false,"Göteborg Löpning","3.51","220","00:20:33","154","180","3.0","162","184","5:51","3:59","22","30","1.05","--","--","--","--","0.0","--","--","--","3,338","20.0","Nej","00:02:47.1","4","28.0","--","--","--","00:20:33","00:20:33","3","20"
Löpning,2025-09-03 11:04:28,false,"Göteborg Löpning","4.43","299","00:27:18","150","177","3.3","153","182","6:10","4:10","35","25","1.06","--","--","--","--","0.0","--","--","--","4,094","25.0","Nej","00:02:22.8","5","30.0","--","--","--","00:26:50","00:27:18","--","15"
Löpning,2025-09-01 12:30:25,false,"Göteborg Löpning","10.19","610","01:02:48","150","165","3.3","161","170","6:10","5:18","84","87","1.01","--","--","--","--","0.0","--","--","--","10,072","28.0","Nej","00:01:00.5","11","32.0","--","--","--","01:02:48","01:02:48","0","33"
Löpning,2025-08-30 13:56:34,false,"Ale Löpning","4.57","297","00:27:06","168","192","3.2","164","172","5:55","4:37","18","23","1.03","--","--","--","--","0.0","--","--","--","4,424","25.0","Nej","00:02:54.2","5","30.0","--","--","--","00:27:04","00:27:06","9","21"
Löpning,2025-08-30 13:20:35,false,"Ale Löpning","2.78","298","00:33:18","138","176","2.6","118","174","11:57","5:15","334","339","0.71","--","--","--","--","0.0","--","--","--","3,922","26.0","Nej","00:02:28.7","12","29.0","--","--","--","00:31:17","00:33:18","11","76"
Löpning,2025-08-29 14:48:30,false,"Ale Löpning","3.54","353","00:43:10","144","182","2.5","107","245","12:13","4:18","414","362","0.77","--","--","--","--","0.0","--","--","--","4,906","28.0","Nej","00:00:33.6","16","31.0","--","--","--","00:42:07","00:47:11","14","74"
Löpning,2025-08-27 11:57:54,false,"Göteborg Löpning","10.00","637","01:00:11","157","168","3.7","163","172","6:01","5:04","56","52","1.02","--","--","--","--","0.0","--","--","--","9,862","22.0","Nej","00:05:51","10","27.0","--","--","--","01:00:06","01:00:11","0","32"
Löpning,2025-08-25 12:23:03,false,"Göteborg Löpning","9.83","635","00:59:35","159","173","3.7","162","170","6:04","5:12","62","66","1.02","--","--","--","--","0.0","--","--","--","9,696","25.0","Nej","00:04:43.7","10","33.0","--","--","--","00:59:24","01:00:21","-1","26"
Löpning,2025-08-15 06:56:24,false,"Göteborg Löpning","6.91","443","00:43:19","142","160","3.1","162","170","6:16","5:05","19","23","0.98","--","--","--","--","0.0","--","--","--","7,010","23.0","Nej","00:05:31.5","7","28.0","--","--","--","00:43:18","00:43:19","-1","12"
Löpning,2025-08-13 16:47:19,false,"Göteborg Löpning","7.17","454","00:44:40","151","167","3.1","161","168","6:14","5:21","27","29","1.00","--","--","--","--","0.0","--","--","--","7,166","28.0","Nej","00:00:55.4","8","30.0","--","--","--","00:44:40","00:44:40","2","13"
Löpning,2025-08-12 06:56:55,false,"Göteborg Löpning","7.64","494","00:47:04","139","153","3.2","163","170","6:10","5:12","27","31","0.99","--","--","--","--","0.0","--","--","--","7,690","20.0","Nej","00:03:47.5","8","29.0","--","--","--","00:47:02","00:47:04","-3","13"
Löpning,2025-08-11 06:55:29,false,"Göteborg Löpning","6.93","446","00:42:52","143","160","3.1","161","170","6:11","5:14","30","30","1.00","--","--","--","--","0.0","--","--","--","6,898","21.0","Nej","00:05:28.0","7","29.0","--","--","--","00:42:50","00:43:07","-3","13"
Löpning,2025-08-09 16:06:03,false,"Ale Löpning","9.43","603","00:57:32","158","179","3.3","161","168","6:06","5:08","65","59","1.02","--","--","--","--","0.0","--","--","--","9,324","25.0","Nej","00:02:28.3","10","29.0","--","--","--","00:57:18","00:57:48","5","30"
Löpning,2025-08-09 14:55:18,false,"Ale Löpning","5.10","507","01:03:24","137","168","2.7","118","170","12:26","6:02","583","588","0.68","--","--","--","--","0.0","--","--","--","7,314","27.0","Nej","00:02:22.2","22","30.0","--","--","--","01:02:33","01:03:24","12","72"
Löpning,2025-08-08 13:57:57,false,"Kungälv Löpning","10.40","650","01:00:51","152","175","3.6","162","172","5:51","4:31","99","98","1.05","--","--","--","--","0.0","--","--","--","9,844","24.0","Nej","00:02:07.2","11","29.0","--","--","--","01:00:48","01:05:27","-1","45"
Löpning,2025-08-06 16:49:48,false,"Kungälv Löpning","7.57","460","00:45:53","150","167","3.0","161","206","6:04","5:11","95","78","1.03","--","--","--","--","0.0","--","--","--","7,356","21.0","Nej","00:03:16.3","8","28.0","--","--","--","00:45:48","00:51:03","-5","27"
Löpning,2025-08-05 17:41:54,false,"Kungälv Löpning","10.26","646","01:04:48","136","155","3.3","162","170","6:19","5:31","143","142","0.98","--","--","--","--","0.0","--","--","--","10,468","21.0","Nej","00:01:30.6","11","28.0","--","--","--","01:04:48","01:04:48","9","34"
Löpning,2025-08-04 17:17:19,false,"Ale Löpning","5.49","526","01:06:23","131","156","2.7","120","178","12:06","5:32","636","632","0.69","--","--","--","--","0.0","--","--","--","7,862","24.0","Nej","00:02:12.1","24","27.0","--","--","--","01:05:04","01:07:40","12","72"
Löpning,2025-08-03 17:28:01,false,"Kungälv Löpning","10.20","656","00:59:49","151","171","3.6","164","170","5:52","4:49","94","95","1.04","--","--","--","--","0.0","--","--","--","9,814","21.0","Nej","00:00:59.0","11","31.0","--","--","--","00:59:49","00:59:49","2","28"
Löpning,2025-07-26 15:51:42,false,"Kungälv Löpning","16.77","1,068","01:41:46","149","169","4.0","163","174","6:04","4:49","160","145","1.01","--","--","--","--","0.0","--","--","--","16,564","26.0","Nej","01:41:46","1","29.0","--","--","--","01:40:57","01:44:26","-1","39"
Löpning,2025-07-25 13:01:03,false,"Kungälv Löpning","12.72","728","01:15:54","156","177","3.4","161","190","5:58","4:29","231","265","1.04","--","--","--","--","0.0","--","--","--","12,138","27.0","Nej","01:15:54","1","32.0","--","--","--","01:14:53","01:20:21","12","74"
Löpning,2025-07-23 16:10:18,false,"Kungälv Löpning","10.31","638","00:58:23","152","162","3.6","165","174","5:40","4:44","166","182","1.07","--","--","--","--","0.0","--","--","--","9,652","22.0","Nej","00:58:23","1","35.0","--","--","--","00:58:20","00:58:23","-2","28"
Löpning,2025-07-22 09:21:47,false,"Ale Löpning","5.51","430","00:47:08","140","168","2.8","143","188","8:33","5:39","344","353","0.82","--","--","--","--","0.0","--","--","--","6,672","25.0","Nej","00:07:20.9","6","29.0","31","17","37","00:45:44","00:47:08","10","72"
Löpning,2025-07-21 08:34:36,false,"Ale Löpning","4.54","453","01:00:44","139","170","2.4","111","182","13:23","5:54","550","545","0.67","--","--","--","--","0.0","--","--","--","6,446","28.0","Nej","00:02:27.3","20","31.0","31","19","37","00:57:49","01:00:44","13","75"
Löpning,2025-07-19 09:12:03,false,"Kungälv Löpning","10.27","651","01:02:43","150","170","3.4","164","172","6:06","5:05","66","70","1.00","--","--","--","--","0.0","--","--","--","10,296","29.0","Nej","01:02:43","1","32.0","33","12","37","01:02:42","01:02:43","10","33"
Löpning,2025-07-18 10:01:03,false,"Kungälv Löpning","10.29","671","01:00:31","159","180","3.9","163","174","5:53","4:36","74","80","1.04","--","--","--","--","0.0","--","--","--","9,774","29.0","Nej","00:01:54.0","11","33.0","35","15","40","01:00:31","01:00:31","8","35"
Löpning,2025-07-15 07:36:07,false,"San Bartolomé de Tirajana Löpning","11.03","879","01:43:47","142","169","3.5","127","174","9:25","5:12","478","491","0.83","--","--","--","--","0.0","--","--","--","12,370","26.0","Nej","00:50:25","2","31.0","31","18","37","01:35:17","01:43:47","7","408"
Löpning,2025-07-14 08:05:32,false,"San Bartolomé de Tirajana Löpning","8.23","680","01:18:06","141","171","3.3","127","170","9:29","5:24","346","339","0.83","--","--","--","--","0.0","--","--","--","9,820","27.0","Nej","00:30:08","2","34.0","31","14","38","01:11:58","01:18:06","6","245"
Löpning,2025-07-13 08:13:36,false,"San Bartolomé de Tirajana Löpning","7.56","595","01:10:36","141","166","3.1","132","176","9:20","5:45","281","269","0.81","--","--","--","--","0.0","--","--","--","9,164","26.0","Nej","01:10:36","1","32.0","31","18","37","01:05:47","01:16:54","5","230"
Löpning,2025-07-11 17:56:06,false,"San Bartolomé de Tirajana Löpning","10.04","646","01:02:30","148","160","3.4","161","202","6:14","5:02","143","153","1.00","--","--","--","--","0.0","--","--","--","10,020","27.0","Nej","00:30:43","2","32.0","33","18","35","01:02:25","01:02:30","-2","58"
Löpning,2025-07-10 18:23:32,false,"San Bartolomé de Tirajana Löpning","10.03","639","01:08:31","138","153","3.1","154","194","6:50","5:18","143","140","0.95","--","--","--","--","0.0","--","--","--","10,604","28.0","Nej","00:34:14","2","32.0","30","16","34","01:06:20","01:08:31","7","58"
Löpning,2025-07-09 16:50:54,false,"San Bartolomé de Tirajana Löpning","11.02","736","01:14:37","150","171","3.5","154","198","6:46","4:39","222","192","0.96","--","--","--","--","0.0","--","--","--","11,490","29.0","Nej","01:14:37","1","34.0","33","16","37","01:12:59","01:14:37","-21","58"
Löpning,2025-07-07 15:26:32,false,"Ale Löpning","5.74","569","01:06:04","149","173","2.9","120","180","11:31","5:31","652","646","0.72","--","--","--","--","0.0","--","--","--","7,644","25.0","Nej","00:02:08.2","24","28.0","33","19","38","01:05:21","01:06:04","10","72"
Löpning,2025-07-06 16:56:31,false,"Kungälv Löpning","10.06","622","01:02:40","140","157","3.2","164","170","6:14","5:22","84","78","0.98","--","--","--","--","0.0","--","--","--","10,318","22.0","Nej","01:02:40","1","28.0","31","12","34","01:02:38","01:04:31","9","33"
Löpning,2025-07-04 12:23:34,false,"Kungälv Löpning","19.97","966","02:08:49","146","166","3.1","159","184","6:27","4:33","450","451","0.97","--","--","--","--","0.0","--","--","--","20,474","19.0","Nej","00:03:00.6","3","28.0","32","18","37","02:07:44","02:09:44","8","75"
Löpning,2025-07-02 13:39:09,false,"Ale Löpning","7.94","568","01:00:25","149","169","3.1","143","202","7:37","4:06","342","335","0.90","--","--","--","--","0.0","--","--","--","8,674","28.0","Nej","00:00:31.1","11","32.0","33","14","37","00:56:11","01:00:25","14","74"
Löpning,2025-07-01 14:20:27,false,"Ale Löpning","4.73","475","00:59:35","144","166","2.6","116","180","12:36","6:00","507","509","0.68","--","--","--","--","0.0","--","--","--","6,834","29.0","Nej","00:02:09.3","20","32.0","32","14","37","00:57:18","00:59:35","14","71"
Löpning,2025-06-30 14:55:35,false,"Ale Löpning","4.31","421","00:54:31","140","169","2.3","122","188","12:38","6:49","491","483","0.65","--","--","--","--","0.0","--","--","--","6,532","26.0","Nej","00:00:18.1","21","31.0","31","14","37","00:53:37","00:54:31","13","71"
Löpning,2025-06-28 10:47:07,false,"Kungälv Löpning","20.00","971","02:11:49","146","169","3.1","159","182","6:35","5:14","448","450","0.95","--","--","--","--","0.0","--","--","--","20,996","20.0","Nej","00:03:01.4","3","27.0","32","19","38","02:11:11","02:13:58","3","74"
Löpning,2025-06-27 13:26:00,false,"Kungälv Löpning","10.03","622","01:04:33","137","149","3.1","163","172","6:26","5:31","122","122","0.96","--","--","--","--","0.0","--","--","--","10,534","23.0","Nej","01:04:33","1","29.0","30","13","33","01:04:29","01:05:25","11","33"
Löpning,2025-06-25 18:24:30,false,"Ale Löpning","3.43","356","00:44:10","144","164","2.3","121","204","12:53","7:09","447","399","0.64","--","--","--","--","0.0","--","--","--","5,170","27.0","Nej","00:02:07.1","15","31.0","32","20","37","00:43:32","00:44:10","15","70"
Löpning,2025-06-24 17:10:13,false,"Ale Löpning","2.85","285","00:32:13","150","171","2.3","127","194","11:18","6:02","338","329","0.70","--","--","--","--","0.0","--","--","--","4,116","21.0","Nej","00:00:04.3","13","27.0","33","15","38","00:32:04","00:32:13","10","75"
Löpning,2025-06-23 16:45:22,false,"Kungälv Löpning","8.66","487","00:49:57","153","171","3.1","157","178","5:46","4:00","81","83","1.08","--","--","--","--","0.0","--","--","--","7,756","20.0","Nej","00:01:00.9","8","29.0","34","15","38","00:48:11","00:49:57","44","71"
Löpning,2025-06-20 10:04:31,false,"Kungälv Löpning","7.58","503","00:47:47","148","159","3.1","163","170","6:18","5:30","68","71","0.97","--","--","--","--","0.0","--","--","--","7,784","24.0","Nej","00:03:20.1","8","30.0","33","19","35","00:47:46","00:47:57","8","34"
Löpning,2025-06-18 18:11:45,false,"Kungälv Löpning","9.10","569","00:54:03","152","176","3.5","151","196","5:56","3:09","135","143","1.09","--","--","--","--","0.0","--","--","--","7,762","21.0","Nej","00:00:45.0","20","29.0","33","19","39","00:50:16","00:59:03","8","51"
Löpning,2025-06-17 13:31:49,false,"Göteborg Löpning","9.97","604","00:58:22","146","163","3.5","164","172","5:51","4:36","78","76","1.04","--","--","--","--","0.0","--","--","--","9,536","23.0","Nej","00:13:22","4","30.0","32","17","36","00:58:22","00:58:22","3","31"
Löpning,2025-06-16 12:16:01,false,"Göteborg Löpning","6.32","387","00:40:01","139","151","2.6","163","168","6:20","5:17","91","84","0.97","--","--","--","--","0.0","--","--","--","6,534","23.0","Nej","00:01:58.6","7","30.0","31","18","33","00:39:59","00:40:01","-2","25"
Löpning,2025-06-14 13:15:03,false,"Kungälv Löpning","10.21","614","00:50:51","171","183","4.2","169","188","4:59","3:26","63","68","1.19","--","--","--","--","0.0","--","--","--","8,506","27.0","Nej","00:50:51","1","32.0","38","25","40","00:50:31","00:50:51","-1","17"
Löpning,2025-06-13 13:27:56,false,"Kungälv Löpning","2.18","135","00:13:07","141","164","2.2","165","186","6:01","3:40","21","21","1.00","--","--","--","--","0.0","--","--","--","2,144","29.0","Nej","00:00:20.0","14","31.0","31","15","36","00:13:06","00:13:07","6","18"
Löpning,2025-06-11 15:48:25,false,"Göteborg Löpning","10.17","633","00:58:38","151","173","3.7","164","176","5:46","4:23","119","112","1.05","--","--","--","--","0.0","--","--","--","9,600","23.0","Nej","00:02:00.0","7","29.0","33","15","38","00:58:38","00:58:38","-2","26"
Löpning,2025-06-10 11:58:38,false,"Göteborg Löpning","4.60","266","00:29:40","139","151","2.2","162","168","6:27","5:19","46","58","0.96","--","--","--","--","0.0","--","--","--","4,808","18.0","Nej","00:29:40","1","27.0","31","18","33","00:29:40","00:29:40","-16","33"
Löpning,2025-06-09 12:20:36,false,"Göteborg Löpning","10.10","632","00:59:38","152","177","3.7","158","180","5:54","4:03","157","125","1.05","--","--","--","--","0.0","--","--","--","9,194","21.0","Nej","00:00:20.0","15","29.0","33","19","39","00:58:12","01:01:02","-21","16"
Löpning,2025-06-07 16:48:53,false,"Kungälv Löpning","14.24","920","01:27:52","152","164","3.8","164","174","6:10","4:59","170","158","0.99","--","--","--","--","0.0","--","--","--","14,392","23.0","Nej","00:10:22","3","28.0","34","17","36","01:27:52","01:28:13","-3","45"
Löpning,2025-06-04 18:15:24,false,"Kungälv Löpning","9.21","576","00:59:23","135","202","3.4","149","217","6:27","2:55","155","148","1.29","13.4","10.1","248","--","0.0","--","--","--","8,638","20.0","Nej","00:00:18.2","27","25.0","24","13","44","00:52:35","01:01:39","8","50"
Löpning,2025-06-03 12:01:10,false,"Göteborg Löpning","6.04","362","00:38:56","133","145","2.5","163","170","6:27","5:30","70","63","0.95","--","--","--","--","0.0","--","--","--","6,370","22.0","Nej","00:38:56","1","29.0","29","15","32","00:38:56","00:39:20","-4","21"
Löpning,2025-06-02 12:32:08,false,"Kungälv Löpning","10.17","646","01:03:19","146","176","3.6","157","198","6:14","3:17","207","169","1.00","--","--","--","--","0.0","--","--","--","9,742","22.0","Nej","00:00:46.0","16","29.0","32","16","39","01:01:43","01:09:02","-5","26"
Löpning,2025-05-31 14:50:18,false,"Kungälv Löpning","16.80","660","01:53:27","131","145","3.0","162","170","6:45","5:40","171","141","0.92","--","--","--","--","0.0","--","--","--","11,872","23.0","Nej","01:13:27","1","29.0","29","19","32","01:13:23","01:21:34","-8","45"
Löpning,2025-05-30 17:49:04,false,"Kungälv Löpning","8.76","531","00:58:40","136","147","2.7","163","174","6:42","5:28","104","85","0.92","--","--","--","--","0.0","--","--","--","9,560","21.0","Nej","00:58:40","1","29.0","30","18","33","00:58:38","01:00:05","-3","21"
Löpning,2025-05-29 16:53:58,false,"Kungälv Löpning","5.79","352","00:40:46","130","142","2.3","162","218","7:02","5:38","67","63","0.88","--","--","--","--","0.0","--","--","--","6,602","22.0","Nej","00:40:46","1","28.0","29","13","32","00:40:45","00:41:53","-0","31"
Löpning,2025-05-28 18:14:25,false,"Kungälv Löpning","7.19","504","00:53:08","148","181","3.4","126","204","7:24","3:03","196","199","0.95","--","--","--","--","0.0","--","--","--","6,324","19.0","Nej","00:01:00.0","14","30.0","33","13","40","00:42:07","00:59:10","-3","63"
Löpning,2025-05-27 18:32:02,false,"Löpning","4.20","280","00:27:34","155","180","3.2","145","176","6:34","4:29","10","1","1.05","--","--","--","--","0.0","--","--","--","3,986","26.0","Nej","00:27:34","1","28.0","33","13","40","00:24:13","00:27:34","37","47"
Löpning,2025-05-24 13:15:54,false,"Kungälv Löpning","19.02","1,116","02:00:10","142","157","3.6","163","174","6:19","5:11","321","294","0.97","--","--","--","--","0.0","--","--","--","19,726","17.0","Nej","02:00:10","1","29.0","31","15","35","02:00:07","02:06:53","-11","46"
Löpning,2025-05-23 14:46:44,false,"Kungälv Löpning","7.90","491","00:47:33","146","159","3.1","166","170","6:01","5:04","73","143","1.00","--","--","--","--","0.0","--","--","--","7,902","17.0","Nej","00:47:33","1","28.0","32","17","35","00:47:33","00:47:33","-35","39"
Löpning,2025-05-21 18:08:25,false,"Kungälv Löpning","7.62","519","00:56:09","146","176","3.4","131","198","7:22","3:27","268","232","0.98","--","--","--","--","0.0","--","--","--","7,268","17.0","Nej","00:00:59.5","14","28.0","33","19","39","00:45:16","01:04:06","-20","74"
Löpning,2025-05-17 13:35:50,false,"Göteborg Löpning","22.11","1,305","01:54:32","166","179","5.0","169","182","5:11","3:49","170","175","1.14","--","--","--","--","0.0","--","--","--","19,336","21.0","Nej","01:54:32","1","30.0","37","26","40","01:54:13","01:54:32","1","52"
Löpning,2025-05-16 15:27:19,false,"Kungälv Löpning","3.04","179","00:20:05","129","152","2.1","158","174","6:36","4:29","28","39","0.96","--","--","--","--","0.0","--","--","--","3,184","23.0","Nej","00:00:04.8","7","28.0","28","15","35","00:19:52","00:20:05","7","21"
Löpning,2025-05-14 14:46:35,false,"Kungälv Löpning","4.72","291","00:27:44","143","165","2.9","167","180","5:52","4:27","27","28","1.02","--","--","--","--","0.0","--","--","--","4,614","21.0","Nej","00:00:42.7","10","30.0","32","15","36","00:27:44","00:31:14","6","20"
Löpning,2025-05-12 12:38:28,false,"Kungälv Löpning","6.54","412","00:38:53","147","167","3.0","165","176","5:57","4:20","36","38","1.02","--","--","--","--","0.0","--","--","--","6,358","25.0","Nej","00:00:52.5","14","30.0","32","15","37","00:38:52","00:45:38","6","20"
Löpning,2025-05-10 10:36:03,false,"Kungälv Löpning","15.33","933","01:30:02","149","165","3.8","167","182","5:52","4:08","108","115","1.02","--","--","--","--","0.0","--","--","--","15,056","22.0","Nej","00:00:01.5","16","30.0","33","15","37","01:29:58","01:30:26","3","40"
Löpning,2025-05-09 14:44:49,false,"Kungälv Löpning","6.49","392","00:40:02","138","155","2.8","166","200","6:10","3:22","25","22","0.98","--","--","--","--","0.0","--","--","--","6,598","20.0","Nej","00:00:01.6","11","28.0","30","17","35","00:40:02","00:40:02","2","14"
Löpning,2025-05-07 14:38:42,false,"Göteborg Löpning","8.67","548","00:50:03","153","175","3.7","162","174","5:47","4:13","34","32","1.06","--","--","--","--","0.0","--","--","--","8,020","21.0","Nej","00:01:00.0","10","28.0","34","14","39","00:49:34","00:50:03","-1","18"
Löpning,2025-05-05 12:29:55,false,"Kungälv Löpning","8.41","552","00:55:29","146","174","3.5","149","184","6:36","4:07","54","49","0.97","--","--","--","--","0.0","--","--","--","8,080","22.0","Nej","00:00:28.0","16","29.0","32","19","38","00:51:14","00:57:30","3","20"
Löpning,2025-05-03 13:08:31,false,"Karlstad Löpning","21.35","1,309","02:10:02","151","172","4.2","162","184","6:05","4:10","97","158","1.01","--","--","--","--","0.0","--","--","--","21,002","18.0","Nej","00:00:01.5","20","28.0","33","15","38","02:08:19","02:12:14","43","117"
Löpning,2025-05-02 13:08:25,false,"Kungälv Löpning","7.05","453","00:43:48","143","153","3.1","164","196","6:13","3:26","74","45","0.98","--","--","--","--","0.0","--","--","--","7,146","22.0","Nej","00:00:10.0","9","30.0","--","--","--","00:43:45","00:43:48","-4","30"
Löpning,2025-04-30 17:14:56,false,"Kungälv Löpning","11.58","719","01:04:08","158","177","4.2","168","182","5:32","4:12","109","78","1.07","--","--","--","--","0.0","--","--","--","10,716","23.0","Nej","00:01:00","11","29.0","35","15","39","01:04:02","01:04:36","-24","42"
Löpning,2025-04-29 12:15:21,false,"Göteborg Löpning","6.66","412","00:40:58","143","155","3.0","164","217","6:09","4:48","34","33","0.99","--","--","--","--","0.0","--","--","--","6,696","25.0","Nej","00:00:57.8","2","29.0","--","--","--","00:40:39","00:41:00","3","26"
Löpning,2025-04-26 15:10:50,false,"Kungälv Löpning","2.85","172","00:18:37","138","153","2.1","159","170","6:32","5:42","26","20","0.96","--","--","--","--","0.0","--","--","--","2,942","22.0","Nej","00:08:36.7","2","29.0","31","17","34","00:18:25","00:19:44","7","25"
Löpning,2025-04-23 10:29:04,false,"Göteborg Löpning","11.03","695","01:04:26","154","176","4.1","162","180","5:50","4:23","76","48","1.05","--","--","--","--","0.0","--","--","--","10,302","18.0","Nej","00:01:00.0","11","28.0","34","15","39","01:02:58","01:04:26","-17","30"
Löpning,2025-04-22 15:49:45,false,"Göteborg Löpning","6.42","396","00:39:36","143","152","2.8","166","174","6:10","5:12","58","27","0.98","--","--","--","--","0.0","--","--","--","6,570","18.0","Nej","00:39:36","1","28.0","32","15","34","00:39:36","00:39:36","-21","18"
Löpning,2025-04-21 13:52:23,false,"Kungälv Löpning","10.56","666","01:02:46","150","174","3.9","162","180","5:57","3:52","81","60","1.03","--","--","--","--","0.0","--","--","--","10,056","16.0","Nej","00:01:00.0","16","26.0","33","18","38","01:02:44","01:05:15","3","52"
Löpning,2025-04-19 13:03:28,false,"Kungälv Löpning","8.64","553","00:57:26","145","180","3.6","149","220","6:39","2:56","56","35","0.97","--","--","--","--","0.0","--","--","--","8,434","17.0","Nej","00:00:10.0","13","28.0","32","19","40","00:52:35","01:05:18","-10","20"
Löpning,2025-04-18 10:33:27,false,"Kungälv Löpning","5.64","343","00:35:35","143","161","2.8","164","204","6:19","3:04","51","24","0.96","--","--","--","--","0.0","--","--","--","5,818","20.0","Nej","00:00:10.0","11","30.0","32","17","36","00:35:34","00:35:35","-19","15"
Löpning,2025-04-16 13:58:18,false,"Kungälv Löpning","5.12","308","00:33:11","139","149","2.4","164","170","6:29","5:27","46","16","0.94","--","--","--","--","0.0","--","--","--","5,450","23.0","Nej","00:33:11","1","28.0","31","15","33","00:33:08","00:33:11","-21","13"
Löpning,2025-04-15 14:02:00,false,"Kungälv Löpning","5.66","362","00:41:39","133","178","2.7","144","196","7:22","3:08","39","19","0.92","--","--","--","--","0.0","--","--","--","5,808","25.0","Nej","00:00:10","12","31.0","29","15","39","00:39:02","00:41:39","-16","18"
Löpning,2025-04-14 17:14:16,false,"Kungälv Löpning","5.71","343","00:36:48","129","146","2.5","162","192","6:27","3:34","59","20","0.96","--","--","--","--","0.0","--","--","--","5,960","20.0","Nej","00:00:10.0","11","29.0","28","14","32","00:36:47","00:36:48","18","31"
Löpning,2025-04-12 11:05:59,false,"Göteborg Löpning","10.32","614","00:49:43","174","183","4.6","174","184","4:49","3:43","80","46","1.19","--","--","--","--","0.0","--","--","--","8,608","20.0","Nej","00:49:43","1","26.0","38","26","41","00:49:43","00:49:43","-13","26"
Löpning,2025-04-11 15:02:05,false,"Kungälv Löpning","3.00","191","00:18:53","146","158","2.4","164","218","6:17","2:53","10","7","0.96","--","--","--","--","0.0","--","--","--","3,032","26.0","Nej","00:00:10.0","11","31.0","--","--","--","00:18:53","00:18:53","4","12"
Löpning,2025-04-09 14:39:50,false,"Kungälv Löpning","7.04","429","00:40:38","148","174","3.2","165","186","5:46","4:17","51","20","1.05","--","--","--","--","0.0","--","--","--","6,636","21.0","Nej","00:01:00.0","9","29.0","32","14","39","00:40:35","00:53:22","0","13"
Löpning,2025-04-08 12:22:55,false,"Göteborg Löpning","6.01","360","00:38:30","138","146","2.5","163","192","6:25","5:15","54","28","0.96","--","--","--","--","0.0","--","--","--","6,280","22.0","Nej","00:38:30","1","29.0","30","19","32","00:38:30","00:38:30","-18","17"
Löpning,2025-04-05 11:29:02,false,"Kungälv Löpning","18.99","1,111","01:56:14","139","167","3.6","164","180","6:07","4:08","135","136","0.99","--","--","--","--","0.0","--","--","--","19,088","14.0","Nej","00:01:00.0","18","25.0","31","15","36","01:56:10","01:57:41","0","45"
Löpning,2025-04-04 09:25:03,false,"Göteborg Löpning","7.18","439","00:44:45","141","152","2.8","164","196","6:14","3:18","70","39","0.98","--","--","--","--","0.0","--","--","--","7,276","18.0","Nej","00:00:10.0","10","28.0","31","17","34","00:44:35","00:44:45","-22","24"
Löpning,2025-04-02 15:04:13,false,"Kungälv Löpning","10.54","657","00:59:55","152","174","4.0","165","180","5:41","4:10","70","42","1.06","--","--","--","--","0.0","--","--","--","9,764","22.0","Nej","00:01:00.0","11","31.0","34","15","38","00:59:41","00:59:55","-5","30"
Löpning,2025-04-01 10:38:52,false,"Göteborg Löpning","5.82","347","00:37:56","140","149","2.4","163","170","6:31","5:32","43","38","0.94","--","--","--","--","0.0","--","--","--","6,194","20.0","Nej","00:37:56","1","29.0","31","14","33","00:37:53","00:37:56","8","32"
Löpning,2025-03-31 12:41:52,false,"Göteborg Löpning","8.95","557","00:57:07","141","172","3.3","156","184","6:23","3:58","66","25","0.98","--","--","--","--","0.0","--","--","--","8,820","19.0","Nej","00:01:00.0","17","27.0","31","13","38","00:56:42","00:57:07","-30","18"
Löpning,2025-03-29 11:13:32,false,"Kungälv Löpning","17.34","1,063","01:48:23","142","161","3.8","163","182","6:15","4:11","127","108","0.98","--","--","--","--","0.0","--","--","--","17,556","18.0","Nej","00:00:23.2","18","28.0","31","14","36","01:47:51","01:48:23","-10","37"
Löpning,2025-03-28 14:44:44,false,"Kungälv Löpning","6.83","409","00:44:59","134","149","2.6","159","190","6:35","3:45","73","52","0.95","--","--","--","--","0.0","--","--","--","7,128","19.0","Nej","00:00:10.0","11","28.0","30","14","33","00:44:10","00:44:59","-12","14"
Löpning,2025-03-26 14:59:58,false,"Kungälv Löpning","10.34","650","01:00:03","153","172","3.7","163","196","5:49","4:20","64","59","1.05","--","--","--","--","0.0","--","--","--","9,668","18.0","Nej","00:00:01.9","12","28.0","34","13","38","00:59:17","01:00:25","1","39"
Löpning,2025-03-25 12:06:50,false,"Göteborg Löpning","5.85","339","00:38:30","132","141","2.3","162","172","6:35","5:41","62","38","0.94","--","--","--","--","0.0","--","--","--","6,252","13.0","Nej","00:38:30","1","27.0","29","19","31","00:38:28","00:38:30","-12","28"
Löpning,2025-03-24 12:54:31,false,"Kungälv Löpning","8.73","547","00:56:27","140","171","3.4","151","182","6:28","4:18","37","20","0.99","--","--","--","--","0.0","--","--","--","8,422","19.0","Nej","00:01:00.0","15","30.0","31","19","38","00:53:14","01:04:16","-10","20"
Löpning,2025-03-22 12:17:30,false,"Kungälv Löpning","7.05","443","00:46:09","142","186","3.3","149","208","6:33","2:59","28","26","1.00","--","--","--","--","0.0","--","--","--","6,878","19.0","Nej","00:00:10.0","13","29.0","31","15","41","00:42:17","00:57:30","3","20"
Löpning,2025-03-21 17:13:04,false,"Kungälv Löpning","5.71","353","00:36:07","139","159","2.8","163","208","6:20","3:08","38","18","0.97","--","--","--","--","0.0","--","--","--","5,870","20.0","Nej","00:00:10","11","29.0","31","15","35","00:36:07","00:36:36","3","31"
Löpning,2025-03-19 14:57:11,false,"Kungälv Löpning","7.01","436","00:44:41","143","162","3.0","164","216","6:23","2:57","25","25","0.96","--","--","--","--","0.0","--","--","--","7,302","18.0","Nej","00:00:10.0","10","28.0","31","15","36","00:44:41","00:44:41","3","14"
Löpning,2025-03-18 12:16:07,false,"Göteborg Löpning","5.25","316","00:33:30","142","153","2.5","164","176","6:23","5:20","39","40","0.96","--","--","--","--","0.0","--","--","--","5,494","21.0","Nej","00:33:30","1","29.0","31","19","34","00:33:30","00:33:30","5","28"
Löpning,2025-03-17 12:29:19,false,"Kungälv Löpning","6.24","398","00:42:28","138","179","3.0","153","252","6:49","2:46","49","26","0.94","--","--","--","--","0.0","--","--","--","6,370","17.0","Nej","00:00:10.0","12","29.0","30","15","40","00:41:11","00:42:28","-15","22"
Löpning,2025-03-15 09:25:30,false,"Kungälv Löpning","16.71","1,058","01:42:41","153","169","4.1","165","182","6:09","4:15","138","112","0.98","--","--","--","--","0.0","--","--","--","16,882","14.0","Nej","00:00:39.9","16","26.0","34","15","37","01:42:32","01:43:01","-16","38"
Löpning,2025-03-14 14:52:13,false,"Kungälv Löpning","6.55","393","00:42:31","135","150","2.7","163","192","6:29","3:30","39","20","0.94","--","--","--","--","0.0","--","--","--","6,892","16.0","Nej","00:00:10.0","10","28.0","30","18","33","00:42:30","00:42:31","-14","16"
Löpning,2025-03-12 14:55:05,false,"Kungälv Löpning","8.78","555","00:52:03","149","168","3.7","164","186","5:56","4:20","35","19","1.02","--","--","--","--","0.0","--","--","--","8,416","13.0","Nej","00:01:00.0","11","28.0","33","16","37","00:51:15","00:53:58","-12","20"
Löpning,2025-03-11 12:22:31,false,"Göteborg Löpning","4.60","282","00:28:56","140","149","2.6","166","176","6:18","5:25","35","18","0.96","--","--","--","--","0.0","--","--","--","4,790","20.0","Nej","00:28:56","1","29.0","31","19","33","00:28:55","00:28:56","3","13"
Löpning,2025-03-10 11:29:43,false,"Göteborg Löpning","8.73","564","00:53:47","153","179","3.7","154","222","6:09","4:11","34","16","1.02","--","--","--","--","0.0","--","--","--","8,060","19.0","Nej","00:01:00.0","13","30.0","34","19","39","00:51:30","00:53:47","-9","10"
Löpning,2025-03-07 15:08:13,false,"Kungälv Löpning","7.08","429","00:44:50","141","156","2.8","163","206","6:20","3:10","23","26","0.97","--","--","--","--","0.0","--","--","--","7,250","20.0","Nej","00:00:10.0","11","29.0","31","17","34","00:44:50","00:44:50","4","17"
Löpning,2025-03-05 15:32:16,false,"Kungälv Löpning","9.81","593","00:58:03","146","164","3.6","165","174","5:55","4:31","78","76","1.02","--","--","--","--","0.0","--","--","--","9,518","17.0","Nej","00:00:02.8","12","28.0","32","15","36","00:58:03","01:04:28","-1","29"
Löpning,2025-03-04 15:40:52,false,"Göteborg Löpning","5.98","347","00:38:13","134","146","2.5","166","182","6:24","5:24","70","45","0.94","--","--","--","--","0.0","--","--","--","6,348","16.0","Nej","00:38:13","1","27.0","30","16","32","00:38:13","00:38:13","-14","32"
Löpning,2025-03-03 13:27:04,false,"Kungälv Löpning","8.25","508","00:52:34","140","168","3.3","154","182","6:22","4:13","68","49","0.99","--","--","--","--","0.0","--","--","--","8,036","18.0","Nej","00:01:00.0","13","29.0","31","16","37","00:50:04","00:53:38","-0","16"
Löpning,2025-03-01 13:12:10,false,"Kungälv Löpning","15.65","944","01:36:04","147","165","3.7","166","186","6:08","4:13","126","104","0.98","--","--","--","--","0.0","--","--","--","15,958","12.0","Nej","00:00:04.3","16","28.0","32","15","37","01:36:01","01:37:28","-14","38"
Löpning,2025-02-28 14:39:47,false,"Kungälv Löpning","7.04","413","00:45:51","137","154","2.7","163","204","6:31","3:13","39","26","0.94","--","--","--","--","0.0","--","--","--","7,474","16.0","Nej","00:00:10.0","11","28.0","30","16","34","00:45:51","00:45:51","0","14"
Löpning,2025-02-27 14:26:19,false,"Göteborg Löpning","9.46","580","00:57:12","149","167","3.6","161","186","6:03","4:00","42","22","1.01","--","--","--","--","0.0","--","--","--","9,064","17.0","Nej","00:01:00.0","12","27.0","33","17","37","00:56:09","00:57:12","-10","16"
Löpning,2025-02-25 12:28:39,false,"Göteborg Löpning","8.30","522","00:54:45","145","176","3.2","154","207","6:36","3:55","50","25","0.96","--","--","--","--","0.0","--","--","--","8,328","17.0","Nej","00:01:00.0","15","27.0","32","14","39","00:54:01","00:56:09","-2","14"
Löpning,2025-02-24 18:46:05,false,"Kungälv Löpning","6.11","388","00:40:05","141","151","2.8","161","170","6:33","5:32","36","40","0.95","--","--","--","--","0.0","--","--","--","6,442","15.0","Nej","00:00:04.4","2","28.0","31","13","33","00:40:04","00:40:05","10","30"
Löpning,2025-02-22 13:47:41,false,"Kungälv Löpning","15.23","926","01:36:06","145","163","3.7","164","184","6:19","4:15","103","102","0.97","--","--","--","--","0.0","--","--","--","15,660","18.0","Nej","00:00:05.2","16","29.0","32","15","37","01:35:50","01:37:48","-0","39"
Löpning,2025-02-21 15:41:25,false,"Kungälv Löpning","6.00","361","00:38:19","140","162","2.8","165","214","6:23","3:05","24","22","0.95","--","--","--","--","0.0","--","--","--","6,316","15.0","Nej","00:00:10.0","10","27.0","31","18","36","00:38:17","00:38:19","2","16"
Löpning,2025-02-19 15:17:24,false,"Kungälv Löpning","5.78","391","00:47:55","139","165","2.5","135","212","8:18","3:30","138","119","0.86","--","--","--","--","0.0","--","--","--","6,268","10.0","Nej","00:00:15.0","24","26.0","31","15","37","00:44:29","00:47:55","40","64"
Löpning,2025-02-18 13:46:51,false,"Göteborg Löpning","6.81","412","00:43:26","141","155","2.8","164","174","6:23","5:25","30","32","0.96","--","--","--","--","0.0","--","--","--","7,112","16.0","Nej","00:03:24.9","2","26.0","31","18","34","00:43:24","00:43:26","1","26"
Löpning,2025-02-17 13:08:15,false,"Kungälv Löpning","8.60","519","00:53:56","142","161","3.1","162","182","6:16","4:12","68","51","0.98","--","--","--","--","0.0","--","--","--","8,674","15.0","Nej","00:01:00.0","22","28.0","31","20","36","00:53:12","00:58:54","1","26"
Löpning,2025-02-15 12:16:24,false,"Kungälv Löpning","15.69","969","01:35:32","152","170","4.2","168","180","6:05","4:35","121","128","0.98","--","--","--","--","0.0","--","--","--","16,060","10.0","Nej","00:00:29.0","6","27.0","34","14","37","01:35:31","01:38:07","2","43"
Löpning,2025-02-14 12:52:10,false,"Kungälv Löpning","6.83","430","00:43:57","146","163","3.1","165","198","6:26","3:21","47","27","0.94","--","--","--","--","0.0","--","--","--","7,250","14.0","Nej","00:00:10.0","11","27.0","32","17","36","00:43:56","00:43:57","1","15"
Löpning,2025-02-12 11:37:56,false,"Kungälv Löpning","9.08","572","00:56:50","150","174","3.6","159","216","6:16","4:14","63","48","0.99","--","--","--","--","0.0","--","--","--","8,954","13.0","Nej","00:01:00.0","16","26.0","33","15","39","00:56:50","00:57:59","6","27"
Löpning,2025-02-10 11:13:52,false,"Kungälv Löpning","8.61","544","00:53:35","149","167","3.5","166","196","6:13","3:50","87","73","0.97","--","--","--","--","0.0","--","--","--","8,818","9.0","Nej","00:01:00.0","22","24.0","33","21","37","00:53:35","00:53:35","-6","43"
Löpning,2025-02-08 10:17:51,false,"Kungälv Löpning","15.03","926","01:31:28","150","161","3.9","168","176","6:05","4:45","126","109","0.98","--","--","--","--","0.0","--","--","--","15,334","12.0","Nej","00:01:26.2","5","26.0","33","19","36","01:31:26","01:36:15","-8","46"
Löpning,2025-02-05 14:58:16,false,"Kungälv Löpning","8.35","597","00:51:56","--","--","2.3","164","184","6:13","4:10","25","27","0.98","--","--","--","--","0.0","--","--","--","8,490","18.0","Nej","00:01:00.0","18","27.0","--","--","--","00:51:56","00:53:19","-1","15"
Löpning,2025-02-04 17:12:43,false,"Kungälv Löpning","5.48","321","00:36:20","134","142","2.5","163","170","6:38","5:35","38","20","0.93","--","--","--","--","0.0","--","--","--","5,914","15.0","Nej","00:01:19.5","2","27.0","29","15","31","00:36:20","00:36:20","-14","18"
Löpning,2025-02-03 13:46:21,false,"Kungälv Löpning","10.52","758","01:05:10","--","--","2.5","166","178","6:12","4:24","69","72","0.97","--","--","--","--","0.0","--","--","--","10,732","14.0","Nej","00:01:00.0","21","27.0","--","--","--","01:04:59","01:11:01","6","40"
Löpning,2025-02-01 13:29:41,false,"Kungälv Löpning","7.30","477","00:44:51","154","181","4.1","151","206","6:09","3:12","7","10","1.05","--","--","--","--","0.0","--","--","--","6,766","9.0","Nej","00:00:10.0","10","22.0","34","21","40","00:40:42","00:45:55","11","21"
Löpning,2025-01-31 15:05:08,false,"Kungälv Löpning","6.15","374","00:39:28","139","152","2.9","163","204","6:25","3:23","47","21","0.95","--","--","--","--","0.0","--","--","--","6,436","15.0","Nej","00:00:10.0","7","28.0","31","14","34","00:39:25","00:39:28","-18","15"
Löpning,2025-01-29 16:19:38,false,"Kungälv Löpning","6.56","409","00:41:29","138","154","3.1","165","172","6:19","5:34","20","20","0.96","--","--","--","--","0.0","--","--","--","6,838","16.0","Nej","00:01:28.7","2","27.0","--","--","--","00:41:28","00:43:05","-0","11"
Löpning,2025-01-28 14:02:49,false,"Kungälv Löpning","4.13","276","00:29:54","140","180","2.8","144","226","7:14","2:59","44","15","0.93","--","--","--","--","0.0","--","--","--","4,194","17.0","Nej","00:00:10","10","26.0","31","18","41","00:26:48","00:35:06","-24","20"
Löpning,2025-01-27 11:48:51,false,"Kungälv Löpning","5.95","370","00:37:24","142","156","3.1","164","194","6:17","3:31","27","27","0.97","--","--","--","--","0.0","--","--","--","6,126","13.0","Nej","00:00:10","6","28.0","31","19","34","00:37:24","00:37:43","5","18"
Löpning,2025-01-25 10:32:46,false,"Kungälv Löpning","6.46","416","00:41:09","152","162","3.2","166","172","6:22","5:27","31","30","0.95","--","--","--","--","0.0","--","--","--","6,830","15.0","Nej","00:01:08.3","2","26.0","33","21","36","00:41:08","00:41:09","3","15"
Löpning,2025-01-24 14:50:38,false,"Kungälv Löpning","5.13","341","00:34:15","147","184","3.4","150","218","6:40","3:06","40","24","0.98","--","--","--","--","0.0","--","--","--","5,030","15.0","Nej","00:00:10.0","10","27.0","32","19","40","00:32:18","00:34:15","--","20"
Löpning,2025-01-22 11:25:30,false,"Kungälv Löpning","6.16","379","00:40:05","146","157","3.0","164","172","6:30","5:40","42","29","0.94","--","--","--","--","0.0","--","--","--","6,574","16.0","Nej","00:00:04.6","2","27.0","32","14","35","00:40:02","00:40:05","-7","20"
Löpning,2025-01-21 12:07:58,false,"Kungälv Löpning","3.67","225","00:23:37","138","155","2.5","163","198","6:26","3:21","9","10","0.95","--","--","--","--","0.0","--","--","--","3,850","17.0","Nej","00:00:10","7","27.0","30","17","34","00:23:35","00:23:37","24","31"
Löpning,2025-01-20 12:29:47,false,"Kungälv Löpning","5.81","364","00:37:01","144","154","3.0","164","174","6:22","5:36","19","20","0.96","--","--","--","--","0.0","--","--","--","6,070","14.0","Nej","00:37:01","1","29.0","32","13","34","00:37:01","00:37:01","19","30"
Löpning,2025-01-18 13:42:50,false,"Kungälv Löpning","10.56","658","01:07:53","145","156","3.4","164","170","6:26","5:35","56","56","0.95","--","--","--","--","0.0","--","--","--","11,142","16.0","Nej","01:07:53","1","28.0","32","14","34","01:07:50","01:08:39","5","25"
Löpning,2025-01-17 14:43:34,false,"Kungälv Löpning","9.47","610","00:59:47","151","160","3.5","163","170","6:19","5:07","78","57","0.97","--","--","--","--","0.0","--","--","--","9,780","16.0","Nej","00:59:47","1","29.0","33","17","35","00:59:47","01:00:44","-12","40"
Löpning,2025-01-14 18:00:53,false,"Kungälv Löpning","7.89","489","00:50:48","140","151","3.1","163","172","6:26","5:45","25","25","0.95","--","--","--","--","0.0","--","--","--","8,282","18.0","Nej","00:50:48","1","25.0","--","--","--","00:50:48","00:50:48","1","14"
Löpning,2025-01-13 13:17:01,false,"Kungälv Löpning","7.13","451","00:45:44","148","159","3.1","163","170","6:25","5:28","38","34","0.95","--","--","--","--","0.0","--","--","--","7,472","13.0","Nej","00:45:44","1","29.0","33","18","35","00:45:44","00:48:09","3","18"
Löpning,2025-01-11 17:24:54,false,"Kungälv Löpning","4.22","276","00:28:36","147","160","2.6","160","174","6:47","5:36","17","19","0.92","--","--","--","--","0.0","--","--","--","4,584","10.0","Nej","00:28:36","1","28.0","32","20","35","00:28:07","00:28:36","14","27"
Löpning,2024-12-21 09:36:25,false,"Kungälv Löpning","15.57","1,111","01:36:54","--","--","2.9","165","174","6:13","4:32","107","105","0.97","--","--","--","--","0.0","--","--","--","15,976","18.0","Nej","00:05:00.0","9","29.0","--","--","--","01:36:34","01:36:54","2","40"
Löpning,2024-12-20 16:07:12,false,"Kungälv Löpning","8.04","484","00:52:32","135","156","2.8","165","208","6:32","3:09","62","23","0.92","--","--","--","--","0.0","--","--","--","8,632","13.0","Nej","00:00:10.0","10","26.0","30","13","34","00:52:32","00:52:32","-34","16"
Löpning,2024-12-18 16:50:51,false,"Kungälv Löpning","7.35","452","00:48:16","139","153","2.9","165","176","6:34","5:21","81","84","0.92","--","--","--","--","0.0","--","--","--","7,954","15.0","Nej","00:03:15.3","2","27.0","31","14","34","00:48:15","00:50:03","4","41"
Löpning,2024-12-17 10:53:45,false,"Göteborg Löpning","6.02","419","00:42:49","--","--","1.5","147","200","7:07","3:16","45","14","0.94","--","--","--","--","0.0","--","--","--","6,134","17.0","Nej","00:00:10.0","14","24.0","--","--","--","00:39:59","00:45:53","-17","13"
Löpning,2024-12-16 12:39:51,false,"Kungälv Löpning","5.91","364","00:38:31","136","156","2.7","165","190","6:31","3:43","40","40","0.93","--","--","--","--","0.0","--","--","--","6,296","18.0","Nej","00:00:10.0","11","26.0","30","17","34","00:38:29","00:38:31","-1","14"
Löpning,2024-12-14 14:56:24,false,"Kungälv Löpning","14.66","893","01:32:03","142","158","3.4","166","174","6:17","4:59","67","69","0.96","--","--","--","--","0.0","--","--","--","15,238","15.0","Nej","00:07:01.9","4","25.0","31","15","35","01:32:03","01:32:03","-0","31"
Löpning,2024-12-13 13:16:42,false,"Kungälv Löpning","5.95","365","00:37:58","137","152","2.7","166","194","6:23","3:27","29","18","0.94","--","--","--","--","0.0","--","--","--","6,262","13.0","Nej","00:00:10.0","10","27.0","30","17","34","00:37:58","00:37:58","-3","14"
Löpning,2024-12-11 16:26:34,false,"Kungälv Löpning","5.73","388","00:48:35","134","162","2.4","136","216","8:28","3:33","120","93","0.83","--","--","--","--","0.0","--","--","--","6,458","12.0","Nej","00:00:15.0","24","24.0","29","14","37","00:45:07","00:50:15","35","64"
Löpning,2024-12-10 17:34:22,false,"Kungälv Löpning","6.63","395","00:43:56","132","142","2.5","164","174","6:38","5:57","32","19","0.92","--","--","--","--","0.0","--","--","--","7,202","11.0","Nej","00:03:55.5","2","26.0","29","17","31","00:43:56","00:43:56","-10","14"
Löpning,2024-12-09 12:20:58,false,"Kungälv Löpning","8.77","557","00:56:50","141","161","3.1","164","182","6:29","4:10","69","48","0.94","--","--","--","--","0.0","--","--","--","9,210","13.0","Nej","00:01:00.0","23","27.0","31","19","36","00:56:40","00:56:50","-2","26"
Löpning,2024-12-07 09:57:58,false,"Kungälv Löpning","15.24","961","01:35:42","141","163","3.9","164","178","6:17","4:42","55","59","0.97","--","--","--","--","0.0","--","--","--","15,680","12.0","Nej","00:00:41.1","6","23.0","31","12","36","01:34:20","01:37:23","12","26"
Löpning,2024-12-06 15:11:15,false,"Kungälv Löpning","6.13","365","00:38:18","139","157","2.7","165","218","6:15","2:57","18","19","0.97","--","--","--","--","0.0","--","--","--","6,274","16.0","Nej","00:00:10.0","10","28.0","31","11","35","00:38:08","00:38:18","-1","14"
Löpning,2024-12-04 16:32:30,false,"Kungälv Löpning","9.25","578","00:57:40","142","169","3.4","159","184","6:14","4:18","61","55","1.00","--","--","--","--","0.0","--","--","--","9,114","10.0","Nej","00:01:00","16","27.0","31","13","37","00:55:25","00:58:06","-6","33"
Löpning,2024-12-03 12:33:48,false,"Göteborg Löpning","5.40","331","00:34:45","138","148","2.5","166","176","6:27","5:24","61","44","0.93","--","--","--","--","0.0","--","--","--","5,794","15.0","Nej","00:34:45","1","27.0","30","21","33","00:34:45","00:35:09","2","28"
Löpning,2024-12-02 13:23:48,false,"Kungälv Löpning","9.20","561","00:57:51","140","157","3.1","166","184","6:17","4:24","44","29","0.96","--","--","--","--","0.0","--","--","--","9,506","18.0","Nej","00:01:00.0","23","28.0","31","15","35","00:57:51","01:03:55","-11","14"
Löpning,2024-11-30 13:03:19,false,"Kungälv Löpning","15.18","927","01:33:51","142","156","3.5","166","174","6:11","4:54","153","134","0.97","--","--","--","--","0.0","--","--","--","15,606","16.0","Nej","00:03:50.5","5","23.0","31","15","35","01:33:47","01:34:14","-13","39"
Löpning,2024-11-29 15:31:11,false,"Kungälv Löpning","6.82","415","00:43:00","139","157","2.9","166","204","6:18","3:16","59","38","0.96","--","--","--","--","0.0","--","--","--","7,086","15.0","Nej","00:00:10.0","11","24.0","31","17","35","00:42:59","00:43:21","-14","27"
Löpning,2024-11-27 16:27:19,false,"Kungälv Löpning","8.90","645","00:56:33","--","--","2.3","166","178","6:21","4:23","63","39","0.95","--","--","--","--","0.0","--","--","--","9,268","15.0","Nej","00:01:00.0","19","26.0","--","--","--","00:56:31","00:56:42","-21","13"
Löpning,2024-11-26 17:38:44,false,"Kungälv Löpning","5.44","300","00:36:05","133","141","2.2","165","176","6:38","5:37","49","25","0.91","--","--","--","--","0.0","--","--","--","5,954","15.0","Nej","00:01:04.5","2","27.0","29","13","31","00:36:05","00:36:05","1","13"
Löpning,2024-11-25 13:19:45,false,"Kungälv Löpning","9.33","557","00:58:26","138","155","3.1","166","180","6:16","4:23","70","53","0.96","--","--","--","--","0.0","--","--","--","9,624","18.0","Nej","00:01:00.0","21","27.0","30","17","34","00:58:26","01:04:21","-13","16"
Löpning,2024-11-23 09:59:40,false,"Kungälv Löpning","14.77","887","01:31:00","145","163","3.7","166","176","6:10","4:35","139","108","0.97","--","--","--","--","0.0","--","--","--","15,126","13.0","Nej","00:00:59.8","6","26.0","32","14","36","01:30:58","01:34:12","-3","39"
Löpning,2024-11-22 14:57:52,false,"Kungälv Löpning","6.32","382","00:40:04","137","155","2.6","165","200","6:20","3:30","50","20","0.95","--","--","--","--","0.0","--","--","--","6,594","9.0","Nej","00:00:03.2","11","27.0","30","14","34","00:40:04","01:04:09","-22","16"
Löpning,2024-11-20 16:21:08,false,"Kungälv Löpning","8.48","545","00:52:59","148","175","3.6","156","182","6:15","4:21","83","61","1.00","--","--","--","--","0.0","--","--","--","8,198","11.0","Nej","00:01:00.0","13","26.0","33","16","38","00:50:16","00:52:59","-20","43"
Löpning,2024-11-19 17:33:13,false,"Kungälv Löpning","6.01","368","00:38:35","138","146","2.6","165","172","6:25","5:32","16","24","0.94","--","--","--","--","0.0","--","--","--","6,350","13.0","Nej","00:03:34.4","2","27.0","30","19","32","00:38:34","00:38:35","-5","15"
Löpning,2024-11-18 14:22:34,false,"Kungälv Löpning","9.35","588","00:57:37","146","163","3.3","165","180","6:10","4:25","33","30","0.98","--","--","--","--","0.0","--","--","--","9,410","14.0","Nej","00:01:00.0","21","25.0","32","14","36","00:57:35","01:00:53","-7","15"
Löpning,2024-11-16 14:08:47,false,"Kungälv Löpning","6.41","433","00:44:47","144","181","3.4","149","212","6:59","3:48","76","69","0.94","--","--","--","--","0.0","--","--","--","6,452","15.0","Nej","00:00:10.0","13","22.0","32","19","40","00:42:15","00:46:58","-0","29"
Löpning,2024-11-15 14:57:59,false,"Kungälv Löpning","5.66","351","00:36:21","139","153","2.7","165","186","6:26","3:48","46","29","0.94","--","--","--","--","0.0","--","--","--","5,966","20.0","Nej","00:00:10.0","11","28.0","31","13","34","00:36:20","00:42:34","-4","12"
Löpning,2024-11-14 16:39:22,false,"Kungälv Löpning","5.61","374","00:38:38","143","180","3.0","152","230","6:53","3:20","27","11","0.94","--","--","--","--","0.0","--","--","--","5,788","16.0","Nej","00:00:10.0","13","23.0","31","21","40","00:36:25","00:39:17","-9","19"
Löpning,2024-11-13 10:14:14,false,"Kungälv Löpning","5.42","396","00:36:30","--","--","2.1","164","170","6:44","6:11","38","20","0.91","--","--","--","--","0.0","--","--","--","5,966","17.0","Nej","00:01:29.4","2","26.0","--","--","--","00:36:29","00:36:30","13","30"
Löpning,2024-11-09 13:51:32,false,"Kungälv Löpning","14.84","915","01:30:22","147","158","3.7","165","176","6:05","4:51","109","108","0.99","--","--","--","--","0.0","--","--","--","14,912","16.0","Nej","00:00:21.4","5","28.0","32","14","35","01:30:22","01:30:37","-4","41"
Löpning,2024-11-08 14:39:55,false,"Kungälv Löpning","7.22","445","00:43:58","144","160","3.1","165","188","6:06","3:45","57","63","1.00","--","--","--","--","0.0","--","--","--","7,224","17.0","Nej","00:00:10.0","11","28.0","32","15","35","00:43:55","00:46:17","1","38"
Löpning,2024-11-06 16:28:23,false,"Kungälv Löpning","7.68","512","00:55:33","143","170","3.1","149","220","7:14","3:09","102","81","0.90","--","--","--","--","0.0","--","--","--","8,156","17.0","Nej","00:00:15.0","21","27.0","31","14","38","00:53:42","01:00:41","-11","33"
Löpning,2024-11-05 17:26:04,false,"Kungälv Löpning","5.91","360","00:37:16","141","153","2.7","163","172","6:18","5:12","36","19","0.98","--","--","--","--","0.0","--","--","--","6,056","19.0","Nej","00:02:15.1","2","27.0","31","15","34","00:37:11","00:37:16","-12","14"
Löpning,2024-11-04 11:35:25,false,"Kungälv Löpning","7.90","461","00:48:56","139","160","3.0","164","178","6:12","4:29","50","24","0.98","--","--","--","--","0.0","--","--","--","7,972","22.0","Nej","00:01:00.0","18","28.0","31","14","35","00:48:56","00:48:56","-17","15"
Löpning,2024-11-02 13:57:33,false,"Kungälv Löpning","14.71","892","01:28:20","144","162","3.8","165","178","6:00","4:32","111","92","1.01","--","--","--","--","0.0","--","--","--","14,526","17.0","Nej","00:08:19.5","5","26.0","32","13","36","01:28:16","01:31:18","4","34"
Löpning,2024-11-01 14:54:25,false,"Kungälv Löpning","6.29","393","00:40:03","140","160","2.9","163","208","6:22","3:12","66","38","0.96","--","--","--","--","0.0","--","--","--","6,506","17.0","Nej","00:00:03.2","11","29.0","31","18","35","00:40:02","00:40:03","-6","29"
Löpning,2024-10-30 16:33:08,false,"Kungälv Löpning","8.16","534","00:50:52","149","174","3.6","157","198","6:14","4:00","6","7","1.01","--","--","--","--","0.0","--","--","--","7,932","19.0","Nej","00:00:51.9","16","26.0","33","21","38","00:50:14","00:52:55","12","17"
Löpning,2024-10-29 17:05:58,false,"Kungälv Löpning","5.27","325","00:33:47","136","144","2.6","163","172","6:25","5:18","22","26","0.95","--","--","--","--","0.0","--","--","--","5,530","18.0","Nej","00:33:47","1","25.0","30","18","32","00:33:47","00:33:47","4","29"
Löpning,2024-10-28 16:51:32,false,"Kungälv Löpning","8.63","537","00:54:12","147","164","3.1","161","180","6:17","4:19","52","33","0.99","--","--","--","--","0.0","--","--","--","8,692","21.0","Nej","00:01:01.0","19","27.0","32","15","36","00:54:10","01:00:12","-10","17"
Löpning,2024-10-25 14:39:32,false,"Kungälv Löpning","14.11","882","01:24:11","149","167","3.9","166","176","5:58","4:35","104","107","1.01","--","--","--","--","0.0","--","--","--","13,910","19.0","Nej","00:09:10","4","27.0","--","--","--","01:24:10","01:27:33","2","42"
Löpning,2024-10-23 16:59:04,false,"Kungälv Löpning","8.51","550","00:54:05","144","166","3.3","160","188","6:21","3:41","46","40","0.98","--","--","--","--","0.0","--","--","--","8,574","19.0","Nej","00:01:00.0","17","29.0","32","19","36","00:54:02","00:54:05","13","27"
Löpning,2024-10-22 17:22:17,false,"Kungälv Löpning","6.07","436","00:37:57","--","--","2.0","163","180","6:15","4:32","25","26","0.98","--","--","--","--","0.0","--","--","--","6,172","18.0","Nej","00:02:56.8","2","27.0","--","--","--","00:37:57","00:39:12","-1","14"
Löpning,2024-10-21 14:54:01,false,"Kungälv Löpning","7.66","492","00:48:20","148","164","3.2","161","184","6:19","3:59","55","58","0.98","--","--","--","--","0.0","--","--","--","7,762","20.0","Nej","00:01:00.0","16","27.0","33","19","37","00:48:20","00:48:20","12","30"
Löpning,2024-10-19 10:02:42,false,"Kungälv Löpning","13.69","866","01:22:53","152","168","4.0","165","176","6:03","4:44","65","64","1.00","--","--","--","--","0.0","--","--","--","13,706","21.0","Nej","00:07:52.4","5","27.0","34","17","37","01:22:36","01:22:53","2","34"
Löpning,2024-10-18 18:04:59,false,"Kungälv Löpning","5.40","337","00:35:46","141","165","2.7","160","208","6:37","3:04","40","42","0.94","--","--","--","--","0.0","--","--","--","5,668","21.0","Nej","00:00:10.0","11","30.0","31","13","36","00:35:40","00:35:46","15","40"
Löpning,2024-10-16 16:35:42,false,"Kungälv Löpning","8.56","545","00:51:22","152","178","3.8","160","190","6:00","4:05","33","34","1.02","--","--","--","--","0.0","--","--","--","8,230","20.0","Nej","00:01:00.0","14","29.0","34","14","39","00:51:04","00:51:22","2","16"
Löpning,2024-10-15 17:39:56,false,"Kungälv Löpning","5.37","324","00:34:27","137","145","2.7","164","172","6:25","5:39","28","17","0.95","--","--","--","--","0.0","--","--","--","5,650","17.0","Nej","00:34:27","1","28.0","30","14","32","00:34:27","00:38:58","-1","14"
Löpning,2024-10-14 12:22:51,false,"Kungälv Löpning","7.17","455","00:47:57","139","161","3.0","156","186","6:41","4:10","41","40","0.95","--","--","--","--","0.0","--","--","--","7,318","17.0","Nej","00:01:00.0","16","28.0","31","20","36","00:46:55","00:49:55","7","28"
Löpning,2024-10-12 10:30:50,false,"Göteborg Löpning","21.50","1,316","01:59:54","162","179","5.0","167","186","5:35","3:50","76","79","1.07","--","--","--","--","0.0","--","--","--","20,108","19.0","Nej","01:59:54","1","23.0","36","25","40","01:59:54","01:59:54","2","27"
Löpning,2024-10-09 16:28:34,false,"Kungälv Löpning","7.60","482","00:47:15","146","155","3.3","164","174","6:13","4:58","53","50","0.98","--","--","--","--","0.0","--","--","--","7,790","18.0","Nej","00:47:15","1","30.0","32","17","35","00:47:06","00:49:23","6","40"
Löpning,2024-10-08 18:15:22,false,"Kungälv Löpning","9.72","601","01:02:58","138","147","3.2","163","172","6:29","5:32","35","34","0.95","--","--","--","--","0.0","--","--","--","10,252","18.0","Nej","00:31:04","2","27.0","30","13","33","01:02:49","01:06:03","12","22"
Löpning,2024-10-07 12:38:07,false,"Kungälv Löpning","8.09","510","00:50:33","144","155","3.2","163","172","6:15","4:55","56","59","0.98","--","--","--","--","0.0","--","--","--","8,256","20.0","Nej","00:50:33","1","28.0","32","16","34","00:50:30","00:52:13","8","44"
Löpning,2024-10-05 15:35:33,false,"Kungälv Löpning","12.55","801","01:19:18","148","162","3.8","164","186","6:19","5:12","92","76","0.97","--","--","--","--","0.0","--","--","--","12,998","19.0","Nej","01:19:18","1","26.0","33","15","36","01:19:16","01:21:53","8","59"
Löpning,2024-10-04 14:38:49,false,"Kungälv Löpning","9.22","584","00:56:38","150","168","3.4","163","174","6:08","4:58","64","60","1.00","--","--","--","--","0.0","--","--","--","9,246","23.0","Nej","00:56:38","1","28.0","33","17","37","00:56:38","00:58:13","8","44"
Löpning,2024-10-02 16:26:03,false,"Kungälv Löpning","8.43","554","00:55:02","151","164","3.3","157","172","6:32","4:49","53","51","0.97","--","--","--","--","0.0","--","--","--","8,642","20.0","Nej","00:55:02","1","26.0","33","17","36","00:53:15","00:55:02","4","29"
Löpning,2024-09-30 11:52:07,false,"Kungälv Löpning","8.32","516","00:51:09","147","161","3.2","166","172","6:09","5:09","49","46","0.98","--","--","--","--","0.0","--","--","--","8,498","21.0","Nej","00:51:09","1","26.0","33","15","36","00:51:09","00:53:07","3","27"
Löpning,2024-09-28 10:10:44,false,"Kungälv Löpning","11.56","782","01:15:22","157","170","3.7","163","178","6:31","4:41","82","79","0.94","--","--","--","--","0.0","--","--","--","12,238","18.0","Nej","01:15:22","1","29.0","35","18","38","01:14:59","01:15:22","2","39"
Löpning,2024-08-31 11:50:22,false,"Kungälv Löpning","10.08","836","01:43:13","145","171","3.2","123","204","10:14","5:23","792","786","0.80","--","--","--","--","0.0","--","--","--","12,702","25.0","Nej","00:05:34.3","3","32.0","32","17","38","01:36:02","01:43:13","13","61"
Löpning,2024-08-30 15:07:12,false,"Kungälv Löpning","9.04","734","01:31:55","141","172","3.0","123","210","10:10","5:17","727","726","0.80","--","--","--","--","0.0","--","--","--","11,390","25.0","Nej","00:09:51.0","2","31.0","31","13","38","01:24:44","01:31:55","15","63"
Löpning,2024-08-28 18:34:21,false,"Kungälv Löpning","7.17","608","01:06:34","152","174","3.1","131","218","9:17","4:58","573","570","0.82","--","--","--","--","0.0","--","--","--","9,210","26.0","Nej","00:04:14.0","2","31.0","33","13","38","01:05:55","01:06:34","13","62"
Löpning,2024-08-26 17:43:19,false,"Kungälv Löpning","5.47","452","00:57:05","141","174","2.6","119","214","10:27","4:54","416","409","0.80","--","--","--","--","0.0","--","--","--","7,386","23.0","Nej","00:57:05","1","30.0","31","18","38","00:50:01","00:57:05","13","63"
Löpning,2024-08-24 11:00:25,false,"Göteborg Löpning","21.39","1,286","01:52:52","167","179","4.9","172","204","5:17","2:57","284","282","1.10","--","--","--","--","0.0","--","--","--","19,268","22.0","Nej","00:29:23","3","26.0","37","26","40","01:52:51","01:52:52","18","47"
Löpning,2024-08-21 18:17:38,false,"Kungälv Löpning","5.21","366","00:37:42","147","176","3.0","142","208","7:14","3:01","57","61","0.96","--","--","--","--","0.0","--","--","--","5,212","22.0","Nej","00:00:25","10","27.0","33","18","39","00:32:48","00:37:42","16","48"
Löpning,2024-08-17 13:26:33,false,"HM-banan. ","16.70","969","01:42:10","154","174","3.9","159","214","6:07","4:36","220","220","1.02","--","--","--","--","0.0","--","--","--","16,440","23.0","Nej","00:00:08.5","4","28.0","33","21","38","01:39:20","01:44:56","21","51"
Löpning,2024-08-17 13:13:51,false,"Göteborg Löpning","1.22","71","00:08:03.4","135","149","1.3","160","172","6:37","5:47","10","8","0.94","--","--","--","--","0.0","--","--","--","1,290","25.0","Nej","00:08:03.4","1","30.0","30","14","33","00:08:00","00:09:14.9","27","33"
Löpning,2024-08-16 17:15:39,false,"Kungälv Löpning","10.06","640","01:03:37","145","154","3.2","162","170","6:20","5:06","53","50","0.98","--","--","--","--","0.0","--","--","--","10,352","23.0","Nej","01:03:37","1","32.0","32","14","34","01:03:36","01:04:37","13","30"
Löpning,2024-08-14 18:17:57,false,"Kungälv Löpning","7.85","524","00:56:00","153","176","3.1","145","200","7:08","3:26","210","207","0.96","--","--","--","--","0.0","--","--","--","7,976","25.0","Nej","00:00:24.3","25","31.0","34","15","39","00:51:11","00:57:51","34","67"
Löpning,2024-08-13 16:59:27,false,"Kungälv Löpning","9.65","560","01:00:48","151","164","2.9","157","176","6:18","4:58","54","52","0.99","--","--","--","--","0.0","--","--","--","9,562","25.0","Nej","00:01:01.0","8","31.0","33","15","36","00:58:32","01:05:31","57","68"
Löpning,2024-08-10 14:50:35,false,"Kungälv Löpning","18.67","1,182","02:00:40","141","154","3.8","161","170","6:28","5:23","244","232","0.96","--","--","--","--","0.0","--","--","--","19,520","23.0","Nej","02:00:40","1","29.0","31","12","34","02:00:12","02:01:52","4","58"
Löpning,2024-08-09 18:30:48,false,"Kungälv Löpning","10.21","610","01:04:16","137","144","3.0","162","168","6:18","5:40","51","50","0.98","--","--","--","--","0.0","--","--","--","10,492","22.0","Nej","01:04:16","1","28.0","30","12","33","01:04:11","01:04:16","22","36"
Löpning,2024-08-07 18:15:41,false,"Kungälv Löpning","10.26","698","01:06:14","154","178","3.9","144","214","6:28","2:51","33","27","1.02","--","--","--","--","0.0","--","--","--","9,112","26.0","Nej","00:00:30.0","45","30.0","34","14","39","01:02:35","01:08:40","14","29"
Löpning,2024-08-05 14:16:56,false,"Löpning","9.48","582","01:00:06","148","173","3.3","159","176","6:20","4:34","5","2","0.99","--","--","--","--","0.0","--","--","--","576","24.0","Nej","00:00:05.8","8","30.0","32","18","38","00:59:08","01:00:06","12","17"
Löpning,2024-08-03 15:10:25,false,"Kungälv Löpning","20.12","1,209","02:12:57","145","160","3.6","162","170","6:37","5:33","139","133","0.94","--","--","--","--","0.0","--","--","--","21,516","25.0","Nej","02:12:57","1","32.0","32","17","35","02:12:57","02:13:47","1","48"
Löpning,2024-08-01 10:29:53,false,"Stockholm Löpning","7.96","559","00:48:12","161","181","4.0","153","208","6:03","3:11","23","26","1.04","--","--","--","--","0.0","--","--","--","6,998","25.0","Nej","00:00:45.0","20","29.0","35","21","40","00:45:25","00:55:14","20","26"
Löpning,2024-07-29 13:06:50,false,"Kungälv Löpning","4.91","307","00:29:33","154","182","3.4","151","182","6:01","4:17","6","12","1.06","--","--","--","--","0.0","--","--","--","4,442","26.0","Nej","00:05:03.4","3","31.0","34","20","40","00:28:09","00:29:33","15","21"
Löpning,2024-07-29 12:33:15,false,"Kungälv Löpning","3.22","212","00:22:49","139","179","2.3","147","202","7:05","3:10","24","24","0.95","--","--","--","--","0.0","--","--","--","3,376","28.0","Nej","00:01:00.2","3","32.0","30","18","39","00:21:47","00:30:36","14","30"
Löpning,2024-07-26 12:40:57,false,"Kungälv Löpning","27.45","1,631","03:01:04","146","156","3.9","162","176","6:36","5:37","162","161","0.94","--","--","--","--","0.0","--","--","--","29,354","24.0","Nej","03:01:04","1","31.0","32","22","34","03:01:04","03:01:04","3","48"
Löpning,2024-07-24 18:02:49,false,"Kungälv Löpning","10.27","646","01:06:02","144","175","3.4","154","202","6:26","3:08","53","49","0.98","--","--","--","--","0.0","--","--","--","9,984","26.0","Nej","00:00:23","29","31.0","31","15","38","01:03:30","01:20:02","16","47"
Löpning,2024-07-22 20:07:06,false,"Kungälv Löpning","13.59","850","01:22:51","140","161","3.7","163","196","6:06","3:27","64","63","1.00","--","--","--","--","0.0","--","--","--","13,386","21.0","Nej","00:00:04.4","9","30.0","31","16","35","01:21:55","01:25:28","12","28"
Löpning,2024-07-20 16:33:44,false,"Kungälv Löpning","20.07","1,210","02:13:24","143","157","3.5","159","188","6:39","5:31","187","168","0.95","--","--","--","--","0.0","--","--","--","21,240","27.0","Nej","02:13:24","1","32.0","31","17","35","02:13:04","02:18:25","3","49"
Löpning,2024-07-19 15:03:17,false,"Kungälv Löpning","11.70","732","01:15:37","141","152","3.2","161","168","6:28","5:38","64","64","0.96","--","--","--","--","0.0","--","--","--","12,204","26.0","Nej","01:15:37","1","32.0","31","14","34","01:15:37","01:15:37","15","33"
Löpning,2024-07-17 18:08:35,false,"Kungälv Löpning","8.72","554","00:57:10","139","178","3.3","148","210","6:33","3:01","15","18","0.98","--","--","--","--","0.0","--","--","--","8,334","23.0","Nej","00:01:00.0","14","27.0","30","15","39","00:55:27","01:06:50","16","22"
Löpning,2024-07-16 08:26:06,false,"Kungälv Löpning","8.58","514","00:55:04","152","166","3.0","157","214","6:25","4:53","56","49","0.97","--","--","--","--","0.0","--","--","--","8,576","21.0","Nej","00:01:00.7","8","29.0","33","15","37","00:53:08","00:56:20","60","69"
Löpning,2024-07-13 13:18:36,false,"Kungälv Löpning","20.01","1,133","02:12:46","135","149","3.3","162","174","6:38","5:12","129","128","0.93","--","--","--","--","0.0","--","--","--","21,600","25.0","Nej","02:12:46","1","30.0","29","17","33","02:12:45","02:12:46","3","49"
Löpning,2024-07-12 14:31:07,false,"Kungälv Löpning","14.66","916","01:38:31","139","151","3.3","162","170","6:43","5:54","78","78","0.92","--","--","--","--","0.0","--","--","--","15,932","24.0","Nej","01:38:31","1","31.0","30","14","33","01:38:12","01:38:31","8","34"
Löpning,2024-07-10 18:10:20,false,"Kungälv Löpning","9.83","694","01:15:48","148","177","3.5","127","206","7:43","3:02","11","5","0.95","--","--","--","--","0.0","--","--","--","9,306","24.0","Nej","00:00:29.3","45","28.0","33","19","39","01:04:01","01:22:33","16","22"
Löpning,2024-07-08 17:25:31,false,"Löpning","9.64","560","01:00:04","147","174","3.2","163","178","6:14","4:33","14","19","0.98","--","--","--","--","0.0","--","--","--","734","23.0","Nej","00:00:03.2","8","30.0","32","23","38","00:59:39","01:01:07","11","18"
Löpning,2024-07-06 09:36:34,false,"Kungälv Löpning","20.00","1,204","02:13:06","145","155","3.7","163","172","6:39","5:29","131","125","0.92","--","--","--","--","0.0","--","--","--","21,696","22.0","Nej","02:13:06","1","27.0","32","21","34","02:13:05","02:13:06","3","49"
Löpning,2024-07-05 16:07:59,false,"Kungälv Löpning","6.68","410","00:44:00","139","150","2.7","163","170","6:35","5:35","50","39","0.93","--","--","--","--","0.0","--","--","--","7,182","18.0","Nej","00:44:00","1","26.0","30","23","33","00:43:56","00:44:00","15","32"
Löpning,2024-07-05 15:43:47,false,"Kungälv Löpning","3.46","228","00:21:57","143","162","2.6","164","170","6:21","5:26","20","24","0.96","--","--","--","--","0.0","--","--","--","3,598","24.0","Nej","00:21:57","1","30.0","--","--","--","00:21:57","00:23:12","10","26"
Löpning,2024-07-04 14:37:17,false,"Löpning","5.00","272","00:33:31","133","139","2.1","160","168","6:42","6:33","2","6","0.93","--","--","--","--","0.0","--","--","--","5,368","25.0","Nej","00:33:31","1","28.0","29","19","31","00:33:31","00:33:31","14","21"
Löpband,2024-07-03 15:20:54,false,"Löpband","5.64","473","00:59:48","136","175","3.2","107","270","10:36","3:12","--","--","0.86","--","--","--","--","0.0","--","--","--","6,112","27.0","Nej","00:06:11.0","6","31.0","28","18","38","00:38:23","00:59:48","--","--"
Löpning,2024-07-01 16:34:18,false,"Kungälv Löpning","8.72","592","00:52:39","157","182","4.2","149","188","6:02","3:52","40","42","1.06","--","--","--","--","0.0","--","--","--","7,524","23.0","Nej","00:00:45.0","20","30.0","34","15","39","00:48:52","00:54:08","15","23"
Löpning,2024-06-29 12:14:20,false,"Kungälv Löpning","23.84","1,352","02:32:42","145","159","3.9","161","172","6:24","5:06","174","171","0.97","--","--","--","--","0.0","--","--","--","24,652","22.0","Nej","02:32:42","1","29.0","32","15","35","02:32:37","02:35:18","1","49"
Löpning,2024-06-26 18:16:01,false,"Kungälv Löpning","9.09","617","00:57:55","159","182","4.1","151","200","6:22","3:00","57","59","1.01","--","--","--","--","0.0","--","--","--","8,532","27.0","Nej","00:00:19.7","28","36.0","35","17","41","00:54:25","01:01:11","16","48"
Löpning,2024-06-25 12:21:26,false,"Kungälv Löpning","7.78","500","00:50:56","148","160","3.0","159","170","6:33","5:39","46","43","0.96","--","--","--","--","0.0","--","--","--","8,110","28.0","Nej","00:50:56","1","33.0","32","14","35","00:50:55","00:51:21","4","28"
Löpning,2024-06-24 18:16:53,false,"Kungälv Löpning","8.07","506","00:49:15","163","184","3.5","153","206","6:06","3:34","126","124","1.05","--","--","--","--","0.0","--","--","--","7,464","22.0","Nej","00:03:00.0","8","30.0","36","14","40","00:47:39","00:52:18","34","67"
Löpning,2024-06-21 08:58:48,false,"Kungälv Löpning","6.26","418","00:38:55","153","169","3.2","165","172","6:13","5:17","27","27","0.97","--","--","--","--","0.0","--","--","--","6,450","21.0","Nej","00:38:55","1","29.0","33","14","37","00:38:54","00:38:55","19","32"
Löpning,2024-06-19 12:02:53,false,"Svartedalen","21.67","1,518","02:39:32","157","173","4.7","144","225","7:22","5:12","486","492","0.94","--","--","--","--","0.0","--","--","--","23,910","23.0","Nej","02:39:32","1","31.0","34","15","38","02:37:01","02:41:25","77","151"
Löpning,2024-06-17 12:54:46,false,"Kungälv Löpning","11.37","755","01:10:09","156","172","3.7","164","176","6:10","4:59","86","84","0.99","--","--","--","--","0.0","--","--","--","11,562","25.0","Nej","01:10:09","1","30.0","34","15","38","01:10:09","01:11:24","-0","32"
Löpning,2024-06-05 18:15:22,false,"Kungälv Löpning","8.40","574","00:54:35","152","176","3.9","143","194","6:30","3:12","80","83","1.03","--","--","--","--","0.0","--","--","--","7,526","18.0","Nej","00:00:00.1","20","27.0","33","20","38","00:48:53","00:58:53","13","48"
Löpning,2024-06-03 18:15:51,false,"Kungälv Löpning","11.77","774","01:12:06","166","182","4.1","159","188","6:08","4:12","217","217","1.03","--","--","--","--","0.0","--","--","--","11,430","21.0","Nej","00:10:27","5","31.0","36","20","40","01:10:54","01:12:27","33","67"
Löpning,2024-06-01 13:47:59,false,"Kungälv Löpning","20.00","1,261","02:07:59","147","166","4.0","158","190","6:24","5:09","146","146","0.99","--","--","--","--","0.0","--","--","--","20,236","27.0","Nej","02:07:59","1","34.0","32","12","36","02:07:10","02:08:17","1","48"
Löpning,2024-05-29 18:01:02,false,"Kungälv Löpning","10.21","699","01:09:30","152","185","3.7","141","204","6:48","3:05","79","75","0.98","--","--","--","--","0.0","--","--","--","9,570","20.0","Nej","00:00:04.5","14","29.0","33","17","40","01:02:29","01:20:56","5","50"
Löpning,2024-05-27 14:40:24,false,"Kungälv Löpning","14.61","903","01:31:12","147","167","3.7","161","170","6:15","4:45","105","101","0.99","--","--","--","--","0.0","--","--","--","14,758","20.0","Nej","01:31:12","1","29.0","32","13","37","01:31:10","01:32:57","0","41"
Löpning,2024-05-24 13:15:32,false,"Kungälv Löpning","14.59","903","01:33:10","148","159","3.6","160","170","6:23","5:22","112","105","0.98","--","--","--","--","0.0","--","--","--","14,972","20.0","Nej","01:33:10","1","26.0","32","14","35","01:33:05","01:34:44","1","37"
Löpning,2024-05-22 14:43:59,false,"Kungälv Löpning","12.45","859","01:17:26","163","178","4.1","161","174","6:13","5:18","115","116","1.00","--","--","--","--","0.0","--","--","--","12,472","28.0","Nej","01:17:26","1","33.0","36","17","39","01:17:26","01:19:19","1","38"
Löpning,2024-05-20 14:49:42,false,"Kungälv Löpning","10.11","690","01:03:14","156","169","3.6","160","170","6:15","5:08","81","79","1.00","--","--","--","--","0.0","--","--","--","10,132","28.0","Nej","01:03:14","1","35.0","34","18","37","01:03:13","01:05:09","1","39"
Löpning,2024-04-22 14:37:57,false,"Kungälv Löpning","13.38","906","01:20:12","151","173","4.4","154","202","6:00","3:58","69","74","1.05","--","--","--","--","0.0","--","--","--","12,018","15.0","Nej","00:01:29.5","26","27.0","33","18","38","01:16:04","01:21:08","12","26"
Löpning,2024-04-19 12:07:22,false,"Kungälv Löpning","20.09","1,204","02:06:47","141","159","3.6","162","182","6:19","5:17","202","197","0.98","--","--","--","--","0.0","--","--","--","20,568","15.0","Nej","02:06:47","1","29.0","31","15","35","02:06:11","02:08:01","3","85"
Löpning,2024-04-17 18:15:43,false,"Kungälv Löpning","8.44","648","01:06:41","148","174","3.4","115","208","7:54","3:09","46","42","1.09","--","--","--","--","0.0","--","--","--","7,390","16.0","Nej","00:00:43.1","7","28.0","32","11","38","00:45:27","01:10:52","57","70"
Löpning,2024-04-15 18:06:09,false,"Kungälv Löpning","9.63","558","01:03:15","143","178","3.1","148","188","6:34","3:26","136","131","1.02","--","--","--","--","0.0","--","--","--","9,314","15.0","Nej","00:00:39.0","12","30.0","31","18","39","00:59:58","01:09:29","27","72"
Löpning,2024-04-13 11:01:04,false,"Göteborg Löpning","10.16","620","00:47:20","168","180","4.7","175","192","4:40","3:13","40","41","1.22","--","--","--","--","0.0","--","--","--","8,244","17.0","Nej","00:00:35.6","11","23.0","--","--","--","00:47:18","00:47:20","10","29"
Löpning,2024-04-10 18:04:01,false,"Kungälv Löpning","4.63","309","00:26:25","153","174","3.1","167","190","5:43","3:42","59","58","1.04","--","--","--","--","0.0","--","--","--","4,362","19.0","Nej","00:00:30.0","23","27.0","--","--","--","00:26:22","00:26:25","5","23"
Löpning,2024-04-08 15:10:49,false,"Kungälv Löpning","5.97","343","00:34:36","145","172","2.9","163","186","5:48","3:55","15","15","1.04","--","--","--","--","0.0","--","--","--","5,560","21.0","Nej","00:01:00.0","10","29.0","32","14","37","00:34:27","00:38:24","57","63"
Löpning,2024-04-06 14:32:56,false,"Kungälv Löpning","20.01","1,251","01:54:34","150","171","4.4","167","180","5:44","4:18","123","115","1.05","--","--","--","--","0.0","--","--","--","19,056","18.0","Nej","00:00:01.7","21","28.0","33","12","37","01:53:56","01:54:34","18","55"
Löpning,2024-04-05 13:25:17,false,"Kungälv Löpning","10.01","602","00:58:36","142","155","3.1","167","174","5:51","5:01","65","64","1.02","--","--","--","--","0.0","--","--","--","9,802","15.0","Nej","00:00:01.8","11","25.0","31","14","34","00:58:22","00:58:36","26","57"
Löpning,2024-04-03 16:59:00,false,"Kungälv Löpning","8.96","540","00:52:32","143","155","3.1","168","178","5:52","5:10","59","55","1.02","--","--","--","--","0.0","--","--","--","8,806","10.0","Nej","00:05:35.6","9","28.0","31","17","34","00:52:30","00:52:34","1","27"
Löpning,2024-04-01 14:10:30,false,"Karlstad Löpning","11.74","738","01:04:40","157","173","3.9","170","180","5:30","4:28","45","37","1.06","--","--","--","--","0.0","--","--","--","10,932","18.0","Nej","00:04:39.9","6","30.0","34","14","38","01:04:27","01:04:40","43","55"
Löpning,2024-03-30 11:15:14,false,"Kungälv Löpning","9.20","729","01:20:08","148","170","3.2","133","231","8:43","4:12","598","596","0.85","--","--","--","--","0.0","--","--","--","11,594","21.0","Nej","00:00:07.4","37","28.0","32","19","37","01:17:54","01:22:04","15","69"
Löpning,2024-03-29 13:22:44,false,"Kungälv Löpning","12.54","790","01:15:28","140","152","3.4","167","174","6:01","5:05","102","84","0.99","--","--","--","--","0.0","--","--","--","12,608","17.0","Nej","00:03:09.5","13","29.0","31","14","33","01:15:26","01:15:28","4","55"
Löpning,2024-03-27 18:15:16,false,"Kungälv Löpning","7.89","558","01:01:04","149","182","3.1","134","210","7:44","3:29","247","243","0.95","--","--","--","--","0.0","--","--","--","8,182","16.0","Nej","00:00:26.7","23","24.0","33","13","40","00:50:47","01:01:05","32","66"
Löpning,2024-03-25 15:29:38,false,"Kungälv Löpning","9.26","494","00:54:55","142","176","3.1","159","214","5:56","3:21","143","139","1.04","--","--","--","--","0.0","--","--","--","8,572","15.0","Nej","00:03:00.0","8","26.0","--","--","--","00:53:46","00:58:25","34","69"
Löpning,2024-03-23 13:15:37,false,"Kungälv Löpning","17.00","1,072","01:42:06","142","155","3.8","167","214","6:00","5:13","121","102","0.99","--","--","--","--","0.0","--","--","--","17,092","15.0","Nej","00:00:00.8","18","28.0","31","13","34","01:42:02","01:42:06","3","57"
Löpning,2024-03-22 12:09:07,false,"Kungälv Löpning","9.75","599","00:59:01","141","156","3.0","167","174","6:03","4:56","87","84","0.99","--","--","--","--","0.0","--","--","--","9,820","18.0","Nej","00:04:19.9","10","28.0","31","15","34","00:58:55","01:01:05","-0","40"
Löpning,2024-03-20 18:15:49,false,"Kungälv Löpning","9.52","553","01:03:34","136","163","3.0","140","242","6:40","3:32","67","69","0.98","--","--","--","--","0.0","--","--","--","8,614","11.0","Nej","00:01:28.0","18","22.0","--","--","--","00:52:38","01:06:08","52","73"
Löpning,2024-03-18 14:55:29,false,"Kungälv Löpning","9.97","570","00:56:00","155","179","3.6","165","186","5:37","3:57","73","76","1.07","--","--","--","--","0.0","--","--","--","9,186","11.0","Nej","00:09:12.7","3","26.0","34","13","39","00:55:20","00:57:36","37","68"
Löpning,2024-03-16 13:16:35,false,"Kungälv Löpning","12.64","786","01:17:24","136","150","3.3","167","174","6:08","5:11","89","79","0.98","--","--","--","--","0.0","--","--","--","12,948","10.0","Nej","00:03:49.1","13","29.0","30","14","33","01:17:20","01:17:24","12","55"
Löpning,2024-03-15 12:34:02,false,"Kungälv Löpning","15.36","927","01:33:18","144","155","3.4","165","172","6:04","4:43","119","117","1.00","--","--","--","--","0.0","--","--","--","15,378","16.0","Nej","00:00:02.5","15","28.0","31","17","34","01:33:13","01:33:29","4","44"
Löpning,2024-03-13 18:31:17,false,"Kungälv Löpning","6.28","434","00:40:31","155","177","3.3","129","206","6:27","3:17","28","30","1.08","--","--","--","--","0.0","--","--","--","4,946","15.0","Nej","00:01:00.0","19","17.0","34","19","39","00:29:26","00:40:31","5","18"
Löpning,2024-03-13 18:04:51,false,"Kungälv Löpning","2.70","163","00:16:57","134","159","2.2","166","212","6:17","3:14","16","10","0.96","--","--","--","--","0.0","--","--","--","2,774","17.0","Nej","00:16:57","1","27.0","29","14","35","00:16:57","00:21:17","5","12"
Löpning,2024-03-11 18:03:08,false,"Kungälv Löpning","6.44","386","00:39:10","140","168","3.0","159","188","6:05","3:46","48","47","1.02","--","--","--","--","0.0","--","--","--","6,252","13.0","Nej","00:06:08.0","3","25.0","30","15","37","00:37:35","00:47:03","4","29"
Löpning,2024-03-09 13:32:30,false,"Kungälv Löpning","15.79","970","01:33:59","144","154","3.6","167","176","5:57","4:44","120","110","1.00","--","--","--","--","0.0","--","--","--","15,718","13.0","Nej","00:04:38.1","16","28.0","31","18","34","01:33:53","01:37:02","4","57"
Löpning,2024-03-08 19:01:00,false,"Kungälv Löpning","10.19","633","01:01:03","146","155","3.3","165","172","5:59","5:07","74","68","1.01","--","--","--","--","0.0","--","--","--","10,056","13.0","Nej","00:01:05.9","11","27.0","32","17","34","01:01:00","01:01:09","2","42"
Löpning,2024-03-06 18:16:40,false,"Kungälv Löpning","8.05","512","00:54:25","153","178","3.1","154","198","6:46","4:03","247","243","0.96","--","--","--","--","0.0","--","--","--","8,286","12.0","Nej","00:00:26.5","25","23.0","33","17","39","00:52:19","00:55:40","31","64"
Löpning,2024-03-04 18:16:01,false,"Kungälv Löpning","10.62","611","01:00:09","161","180","3.5","159","192","5:40","3:51","94","91","1.09","--","--","--","--","0.0","--","--","--","9,546","14.0","Nej","00:01:00.9","7","26.0","35","21","39","00:57:15","01:03:32","34","67"
Löpning,2024-03-02 14:10:56,false,"Kungälv Löpning","15.18","896","01:33:41","138","149","3.3","164","172","6:10","4:38","105","103","0.99","--","--","--","--","0.0","--","--","--","15,428","13.0","Nej","00:01:01.8","16","28.0","30","14","33","01:33:34","01:34:40","-2","39"
Löpning,2024-03-01 14:13:30,false,"Kungälv Löpning","7.57","474","00:46:20","143","161","3.0","163","176","6:07","4:36","43","42","1.01","--","--","--","--","0.0","--","--","--","7,444","17.0","Nej","00:00:03.9","9","28.0","--","--","--","00:45:41","00:48:22","-0","30"
Löpning,2024-02-28 18:09:35,false,"Kungälv Löpning","15.38","928","01:32:24","144","154","3.6","165","174","6:00","5:12","107","104","1.01","--","--","--","--","0.0","--","--","--","15,234","13.0","Nej","00:02:13.1","16","26.0","31","18","34","01:32:17","01:32:24","-1","38"
Löpning,2024-02-26 18:00:14,false,"Kungälv Löpning","14.58","885","01:22:58","149","172","3.9","165","186","5:42","3:51","70","65","1.06","--","--","--","--","0.0","--","--","--","13,622","12.0","Nej","00:02:36.9","15","28.0","32","17","37","01:21:32","01:28:35","3","24"
Löpning,2024-02-24 13:59:06,false,"Kungälv Löpning","19.14","1,242","01:57:39","153","172","4.1","165","172","6:09","5:17","114","130","0.99","--","--","--","--","0.0","--","--","--","19,346","12.0","Nej","00:00:46.8","20","30.0","--","--","--","01:56:52","02:00:17","-4","54"
Löpning,2024-02-23 12:28:58,false,"Kungälv Löpning","9.86","595","00:58:53","145","156","3.1","165","172","5:58","5:05","107","109","1.02","--","--","--","--","0.0","--","--","--","9,704","14.0","Nej","00:05:00.6","10","28.0","31","17","34","00:58:35","01:00:15","1","41"
Löpning,2024-02-21 18:04:35,false,"Kungälv Löpning","13.81","846","01:25:35","143","154","3.4","163","174","6:12","5:14","101","97","0.99","--","--","--","--","0.0","--","--","--","13,962","15.0","Nej","00:04:48.9","14","28.0","31","14","33","01:25:22","01:25:35","2","40"
Löpning,2024-02-19 15:02:12,false,"Kungälv Löpning","10.42","626","00:57:37","150","168","3.7","165","187","5:32","4:15","81","76","1.08","8.1","8.9","239","49.5% vänster/50.5% höger","0.0","--","--","--","9,432","16.0","Nej","00:01:02.0","7","26.0","32","19","43","00:55:41","00:59:45","5","28"
Löpning,2024-02-18 15:28:14,false,"Kungälv Löpning","15.49","933","01:34:57","143","153","3.4","165","181","6:08","4:47","108","105","0.98","9.4","9.4","256","49.4% vänster/50.6% höger","0.0","--","--","--","15,502","14.0","Nej","00:02:53.5","16","28.0","28","19","37","01:34:40","01:34:57","1","42"
Löpning,2024-02-16 19:12:41,false,"Kungälv Löpning","12.66","763","01:17:26","138","151","3.2","165","172","6:07","4:52","78","76","0.99","9.6","9.7","257","49.7% vänster/50.3% höger","0.0","--","--","--","12,642","15.0","Nej","00:03:53.2","13","26.0","27","18","37","01:17:23","01:17:26","-1","39"
Löpning,2024-02-14 18:06:50,false,"Kungälv Löpning","14.24","882","01:28:05","145","157","3.5","165","173","6:11","4:49","102","101","0.98","9.5","9.4","257","49.2% vänster/50.8% höger","0.0","--","--","--","14,364","13.0","Nej","00:01:26.2","15","28.0","31","18","45","01:28:01","01:31:26","3","42"
Löpning,2024-02-12 18:16:16,false,"Kungälv Löpning","10.83","650","01:03:09","147","168","3.3","167","175","5:50","4:24","64","62","1.01","9.0","9.2","246","49.2% vänster/50.8% höger","0.0","--","--","--","10,474","9.0","Nej","01:03:09","1","23.0","26","14","42","01:03:01","01:03:09","-0","34"
Löpning,2024-02-10 13:02:17,false,"Kungälv Löpning","19.86","1,212","02:02:11","144","159","3.8","163","181","6:09","4:43","178","185","1.00","8.9","9.0","263","49.2% vänster/50.8% höger","0.0","--","--","--","19,746","6.0","Nej","00:04:53.2","20","26.0","26","16","41","02:01:07","02:02:11","-1","41"
Löpning,2024-02-09 15:44:10,false,"Kungälv Löpning","8.96","547","00:54:52","144","158","3.0","162","178","6:07","4:58","56","56","1.02","9.0","9.4","252","49.2% vänster/50.8% höger","0.0","--","--","--","8,768","9.0","Nej","00:05:24.1","9","28.0","26","15","40","00:53:11","00:54:52","0","25"
Löpning,2024-02-07 14:43:09,false,"Kungälv Löpning","14.62","883","01:28:55","140","151","3.4","165","174","6:05","5:07","81","78","1.00","9.3","9.5","255","49.5% vänster/50.5% höger","0.0","--","--","--","14,556","9.0","Nej","00:03:41.3","15","27.0","26","18","35","01:28:48","01:33:22","1","42"
Löpning,2024-02-05 15:12:18,false,"Kungälv Löpning","10.06","609","00:58:28","148","174","3.6","162","184","5:49","3:53","58","61","1.05","8.5","8.8","243","49.6% vänster/50.4% höger","0.0","--","--","--","9,388","14.0","Nej","00:03:00.0","8","27.0","31","17","45","00:57:34","00:58:45","5","44"
Löpning,2024-02-03 12:14:47,false,"Kungälv Löpning","22.72","1,395","02:18:08","143","196","4.2","165","183","6:05","5:10","266","255","1.00","9.1","9.3","257","49.3% vänster/50.8% höger","0.0","--","--","--","22,686","14.0","Nej","00:04:12.4","23","26.0","30","17","40","02:17:59","02:35:27","-0","56"
Löpning,2024-01-31 18:12:58,false,"Kungälv Löpning","11.61","701","01:09:49","146","161","3.3","165","221","6:01","4:59","104","95","1.01","9.4","9.7","254","49.1% vänster/50.9% höger","0.0","--","--","--","11,372","13.0","Nej","00:00:03.0","12","26.0","27","17","35","01:09:44","01:09:58","2","39"
Löpning,2024-01-29 18:00:00,false,"Kungälv Löpning","12.37","756","01:11:55","151","173","3.9","162","221","5:49","4:06","87","83","1.05","9.0","9.6","243","49.7% vänster/50.3% höger","0.0","--","--","--","11,488","16.0","Nej","00:00:56.6","7","28.0","32","15","44","01:08:54","01:20:35","--","26"
Löpning,2024-01-27 13:34:00,false,"Kungälv Löpning","23.55","1,465","02:25:30","143","160","4.4","165","175","6:11","5:04","173","156","0.98","9.2","9.1","259","49.2% vänster/50.8% höger","0.0","--","--","--","23,686","13.0","Nej","00:03:17.9","24","28.0","25","17","37","02:25:24","02:28:44","-2","53"
Löpning,2024-01-26 17:46:15,false,"Löpning","6.00","350","00:33:11","155","169","3.0","165","214","5:32","4:57","16","34","1.10","9.6","10.7","233","49.8% vänster/50.2% höger","0.0","--","--","--","5,338","15.0","Nej","00:04:58.3","6","20.0","33","15","45","00:33:08","00:33:11","7","25"
Löpning,2024-01-24 18:07:09,false,"Kungälv Löpning","16.00","982","01:40:11","149","159","3.6","163","196","6:16","5:13","122","121","0.98","9.4","9.3","260","49.1% vänster/50.9% höger","0.0","--","--","--","16,158","15.0","Nej","00:05:33.2","16","28.0","30","17","37","01:40:07","01:41:21","-3","45"
Löpning,2024-01-22 17:55:41,false,"Kungälv Löpning","12.50","799","01:13:07","160","177","4.1","164","213","5:51","4:04","97","89","1.04","9.3","9.7","243","49.3% vänster/50.7% höger","0.0","--","--","--","11,784","14.0","Nej","00:08:33.9","3","27.0","34","19","44","01:11:07","01:25:26","-4","24"
Löpning,2024-01-20 19:03:55,false,"Kungälv Löpning","11.83","739","01:18:35","144","151","3.2","163","170","6:39","5:52","24","24","0.92","9.9","9.2","271","48.8% vänster/51.2% höger","0.0","--","--","--","12,646","12.0","Nej","00:05:25.2","12","30.0","25","15","35","01:18:32","01:24:42","54","66"
Löpning,2024-01-19 11:39:25,false,"Kungälv Löpning","7.41","457","00:43:25","148","162","3.1","168","183","5:51","4:38","66","65","1.01","9.0","9.3","246","49.3% vänster/50.7% höger","0.0","--","--","--","7,240","13.0","Nej","00:02:10.9","8","28.0","29","18","43","00:43:22","00:44:17","1","41"
Löpning,2024-01-17 15:20:27,false,"Kungälv Löpning","11.79","744","01:16:19","145","159","3.3","164","173","6:28","5:15","110","105","0.94","9.0","8.5","270","49.2% vänster/50.8% höger","0.0","--","--","--","12,408","8.0","Nej","00:04:54.8","12","28.0","27","15","37","01:16:15","01:18:48","-1","40"
Löpning,2024-01-16 17:18:41,false,"Kungälv Löpning","8.09","510","00:50:43","150","162","3.1","165","177","6:16","5:17","57","59","0.97","9.1","9.0","260","49.3% vänster/50.7% höger","0.0","--","--","--","8,270","5.0","Nej","00:00:29.9","9","26.0","30","19","40","00:50:41","00:51:33","-2","20"
Löpning,2024-01-13 13:33:10,false,"Kungälv Löpning","21.22","1,304","02:12:42","148","161","4.0","164","175","6:15","5:09","168","161","0.97","9.5","9.3","257","49.3% vänster/50.7% höger","0.0","--","--","--","21,540","13.0","Nej","00:01:18.7","22","29.0","30","18","42","02:12:16","02:15:53","-4","52"
Löpning,2024-01-12 11:46:50,false,"Kungälv Löpning","9.28","590","00:55:28","149","162","3.4","168","221","5:58","4:33","78","76","0.99","8.8","8.9","248","49.7% vänster/50.3% höger","0.0","--","--","--","9,232","13.0","Nej","00:01:36.0","10","28.0","30","15","45","00:55:24","00:56:41","-0","41"
Löpning,2024-01-10 18:10:29,false,"Kungälv Löpning","15.41","979","01:38:32","153","163","3.7","164","183","6:24","5:26","127","121","0.95","9.2","8.9","269","49.0% vänster/51.0% höger","0.0","--","--","--","15,928","11.0","Nej","00:02:43.3","16","25.0","33","17","41","01:38:18","01:41:37","1","41"
Löpning,2024-01-08 16:47:58,false,"Kungälv Löpning","10.31","641","01:05:15","145","157","3.2","165","174","6:20","5:01","75","74","0.96","9.3","9.1","260","49.3% vänster/50.8% höger","0.0","--","--","--","10,668","9.0","Nej","00:01:49.3","11","28.0","30","18","40","01:05:13","01:06:53","0","40"
Löpning,2024-01-06 12:23:40,false,"Löpning","5.89","327","00:38:14","145","177","3.0","147","208","6:29","13:14","--","--","0.97","9.4","9.0","246","50.1% vänster/49.9% höger","0.0","--","--","--","5,532","23.0","Nej","00:00:07.7","11","28.0","30","17","44","00:00:04","00:38:14","12","16"
Löpning,2024-01-05 12:55:29,false,"Kungälv Löpning","17.26","1,098","01:50:35","147","159","3.8","165","173","6:24","5:29","104","99","0.95","9.2","8.9","264","49.0% vänster/51.0% höger","0.0","--","--","--","18,014","4.0","Nej","00:01:31.9","18","27.0","29","17","40","01:50:31","01:50:35","7","32"
Löpning,2024-01-03 13:16:02,false,"Kungälv Löpning","13.06","834","01:23:52","147","156","3.4","165","172","6:25","5:38","143","142","0.94","9.5","9.1","266","49.6% vänster/50.4% höger","0.0","--","--","--","13,696","9.0","Nej","00:00:21.3","14","28.0","27","15","38","01:23:42","01:23:52","14","29"
Löpning,2024-01-02 17:46:07,false,"Löpning","6.12","408","00:39:43","154","183","3.1","162","183","6:30","4:16","7","12","0.95","11.1","10.5","246","50.1% vänster/49.9% höger","0.0","--","--","--","6,350","13.0","Nej","00:05:24.1","3","19.0","34","22","45","00:39:25","00:47:34","53","61"
Löpning,2024-01-01 17:55:39,false,"Löpning","5.82","369","00:40:16","148","179","3.0","144","198","6:55","4:00","6","4","1.02","9.9","10.0","240","50.4% vänster/49.6% höger","0.0","--","--","--","5,690","12.0","Nej","00:03:41.8","7","25.0","32","17","43","00:34:42","00:45:41","79","84"
Löpning,2023-12-30 13:07:06,false,"Kungälv Löpning","20.00","1,245","02:05:00","150","162","4.1","168","182","6:15","5:18","142","124","0.95","9.1","8.8","255","49.6% vänster/50.4% höger","0.0","--","--","--","20,738","13.0","Nej","00:06:00.7","20","27.0","31","15","40","02:04:55","02:19:39","--","53"
Löpning,2023-12-28 18:08:10,false,"Kungälv Löpning","15.69","881","01:42:44","150","167","3.3","164","196","6:33","5:31","122","124","0.88","10.5","9.3","268","49.4% vänster/50.6% höger","0.0","--","--","--","16,648","15.0","Nej","00:04:22.3","16","26.0","33","21","42","01:42:41","01:43:53","13","72"
Löpning,2023-12-26 14:30:02,false,"Kungälv Löpning","18.20","1,149","01:53:26","153","165","4.2","167","202","6:14","5:31","133","130","0.95","9.1","8.8","260","49.3% vänster/50.7% höger","0.0","--","--","--","18,740","11.0","Nej","00:01:11.3","19","26.0","33","19","42","01:53:19","01:54:58","1","48"
Löpning,2023-12-24 13:02:11,false,"Kungälv Löpning","7.24","463","00:43:48","152","161","3.3","166","171","6:03","5:17","43","38","0.99","9.3","9.4","250","49.7% vänster/50.3% höger","0.0","--","--","--","7,188","11.0","Nej","00:01:23.1","8","25.0","31","20","39","00:43:45","00:43:48","13","35"
Löpning,2023-12-23 13:08:40,false,"Kungälv Löpning","6.44","424","00:41:52","150","161","3.1","163","173","6:30","5:32","33","33","0.95","10.0","9.6","259","49.1% vänster/50.9% höger","0.0","--","--","--","6,736","10.0","Nej","00:02:47.9","7","28.0","30","14","39","00:41:51","00:41:52","12","29"
Löpning,2023-12-22 12:40:01,false,"Kungälv Löpning","14.73","910","01:30:28","150","165","3.8","168","178","6:08","5:19","124","118","0.97","9.1","8.9","255","49.2% vänster/50.8% höger","0.0","--","--","--","15,016","8.0","Nej","00:04:21.3","15","24.0","31","19","40","01:30:22","01:35:26","-5","40"
Löpning,2023-12-20 09:52:33,false,"Kungälv Löpning","14.69","954","01:34:54","152","161","3.8","165","170","6:28","5:20","86","89","0.94","9.7","9.2","262","48.7% vänster/51.3% höger","0.0","--","--","--","15,484","14.0","Nej","00:04:18.7","15","27.0","34","20","45","01:34:51","01:34:54","9","35"
Löpning,2023-12-18 14:49:56,false,"Kungälv Löpning","15.00","916","01:36:09","148","160","3.6","163","170","6:24","5:12","117","109","0.95","9.7","9.4","266","49.7% vänster/50.3% höger","0.0","--","--","--","15,466","13.0","Nej","00:00:01.2","16","27.0","31","17","37","01:36:06","01:37:23","-3","41"
Simbassäng,2023-12-17 11:15:39,false,"Simbassäng","275","68","00:13:17","119","146","0.8","--","--","4:26","1:02","--","--","--","--","--","--","--","0.0","394","102","32","--","--","Nej","00:13:17","1","--","--","--","--","00:12:12","00:14:31","--","--"
Löpning,2023-12-15 12:19:48,false,"Kungälv Löpning","11.57","729","01:16:18","148","161","3.3","162","170","6:36","4:58","102","101","0.93","9.9","9.3","266","49.0% vänster/51.0% höger","0.0","--","--","--","12,254","14.0","Nej","00:03:35.0","12","28.0","30","20","38","01:16:13","01:16:18","1","43"
Löpning,2023-12-13 15:18:57,false,"Kungälv Löpning","10.46","672","01:06:09","148","160","3.4","167","178","6:19","5:16","66","67","0.94","9.6","9.2","255","49.3% vänster/50.7% höger","0.0","--","--","--","10,930","12.0","Nej","00:02:51.5","11","27.0","31","19","42","01:06:00","01:08:49","-1","43"
Löpning,2023-12-11 13:38:44,false,"Kungälv Löpning","8.21","533","00:53:06","151","167","3.2","164","197","6:28","5:20","46","45","0.95","9.9","9.5","256","49.3% vänster/50.7% höger","0.0","--","--","--","8,610","13.0","Nej","00:01:18.6","9","27.0","32","18","39","00:53:03","00:57:49","-3","21"
Löpning,2023-12-09 15:20:45,false,"Kungälv Löpning","6.46","428","00:42:27","153","164","3.0","164","170","6:34","5:39","29","32","0.92","10.5","9.8","261","49.1% vänster/50.9% höger","0.0","--","--","--","6,886","14.0","Nej","00:02:52.2","7","29.0","34","20","41","00:42:26","00:42:42","15","25"
Löpning,2023-12-08 12:10:41,false,"Kungälv Löpning","8.11","519","00:51:51","148","160","3.1","164","180","6:23","5:21","50","50","0.95","10.1","9.8","254","49.2% vänster/50.8% höger","0.0","--","--","--","8,422","12.0","Nej","00:00:41.1","9","25.0","32","17","39","00:51:48","00:52:14","-3","20"
Löpning,2023-11-13 15:44:32,false,"Kungälv Löpning","10.17","647","01:06:06","148","156","3.1","166","174","6:30","5:13","71","65","0.93","9.6","9.1","259","49.0% vänster/51.0% höger","0.0","--","--","--","10,834","9.0","Nej","00:01:06.1","11","25.0","31","19","37","01:05:58","01:11:12","5","44"
Löpning,2023-11-12 13:45:29,false,"Kungälv Löpning","12.00","749","01:15:44","146","166","3.2","167","208","6:19","5:09","64","62","0.95","9.9","9.5","248","49.2% vänster/50.8% höger","0.0","--","--","--","12,502","14.0","Nej","00:00:00.8","13","29.0","34","18","43","01:15:35","01:18:24","--","32"
Löpning,2023-11-10 13:23:59,false,"Kungälv Löpning","8.86","538","00:53:40","142","155","3.0","170","214","6:03","4:42","63","57","0.98","9.4","9.4","242","49.5% vänster/50.5% höger","0.0","--","--","--","8,980","14.0","Nej","00:05:08.0","9","25.0","28","17","36","00:53:32","00:57:49","1","42"
Löpning,2023-11-04 13:36:36,false,"Kungälv Löpning","16.66","1,032","01:44:02","141","150","3.5","166","179","6:15","5:20","111","91","0.96","10.0","9.8","252","49.1% vänster/50.9% höger","0.0","--","--","--","17,052","18.0","Nej","00:04:03.8","17","27.0","28","17","37","01:43:59","01:45:47","3","57"
Löpning,2023-11-03 12:43:58,false,"Kungälv Löpning","16.65","1,000","01:41:46","143","155","3.4","167","178","6:07","4:40","97","103","0.98","9.9","9.8","250","48.8% vänster/51.2% höger","0.0","--","--","--","16,830","16.0","Nej","00:03:45.9","17","28.0","29","14","39","01:41:37","01:48:15","0","42"
Löpning,2023-11-01 16:37:27,false,"Kungälv Löpning","14.37","873","01:25:41","141","155","3.4","168","185","5:58","4:44","101","94","1.00","9.2","9.4","246","49.5% vänster/50.5% höger","0.0","--","--","--","14,246","14.0","Nej","00:02:07.2","15","26.0","27","14","39","01:25:36","01:27:22","-1","40"
Löpning,2023-10-30 18:05:17,false,"Kungälv Löpning","11.75","712","01:02:24","155","174","4.1","171","207","5:19","3:49","104","100","1.09","8.8","9.5","226","49.3% vänster/50.7% höger","0.0","--","--","--","10,516","16.0","Nej","00:02:56.4","13","27.0","33","14","43","01:01:51","01:13:27","-3","23"
Löpning,2023-10-28 14:33:21,false,"Kungälv Löpning","16.01","942","01:37:08","137","151","3.4","167","174","6:04","5:15","87","94","0.98","9.6","9.5","248","49.0% vänster/51.0% höger","0.0","--","--","--","16,096","14.0","Nej","00:00:00.9","17","27.0","29","17","38","01:37:04","01:37:19","-1","38"
Löpning,2023-10-27 12:37:07,false,"Kungälv Löpning","16.64","985","01:40:53","136","149","3.4","167","175","6:04","5:10","111","97","0.99","9.5","9.5","246","49.2% vänster/50.8% höger","0.0","--","--","--","16,708","11.0","Nej","00:03:41.7","17","26.0","28","15","39","01:40:48","01:47:33","3","49"
Löpning,2023-10-25 18:02:25,false,"Kungälv Löpning","14.09","600","01:25:08","137","155","2.4","166","174","6:03","5:16","85","86","1.00","9.2","9.3","252","49.5% vänster/50.5% höger","0.0","--","--","--","13,926","13.0","Nej","00:00:28.5","15","24.0","28","18","36","01:25:00","01:28:15","-1","40"
Löpning,2023-10-23 18:16:20,false,"Kungälv Löpning","9.82","625","00:54:55","158","177","4.0","166","240","5:35","3:41","79","77","1.10","8.9","9.6","237","49.7% vänster/50.3% höger","0.0","--","--","--","8,886","16.0","Nej","00:00:55.3","16","24.0","36","14","46","00:52:10","00:59:03","5","26"
Löpning,2023-10-21 13:11:41,false,"Kungälv Löpning","16.85","1,009","01:42:02","139","154","3.5","167","178","6:03","4:54","112","116","0.99","9.4","9.5","253","49.4% vänster/50.6% höger","0.0","--","--","--","16,810","10.0","Nej","00:05:01.7","17","27.0","27","18","38","01:41:57","01:44:47","0","35"
Löpning,2023-10-20 12:33:28,false,"Kungälv Löpning","12.39","753","01:14:51","135","147","3.2","166","248","6:02","4:59","117","105","1.00","9.3","9.4","251","49.1% vänster/50.9% höger","0.0","--","--","--","12,240","13.0","Nej","00:02:14.6","13","27.0","29","14","42","01:14:23","01:21:42","2","43"
Löpning,2023-10-18 16:14:24,false,"Kungälv Löpning","14.62","930","01:30:30","142","152","3.5","164","174","6:11","5:05","110","107","0.99","9.9","10.0","254","48.6% vänster/51.4% höger","0.0","--","--","--","14,716","19.0","Nej","00:03:42.7","15","28.0","27","15","36","01:30:15","01:30:30","6","37"
Löpning,2023-10-16 18:15:21,false,"Kungälv Löpning","9.53","585","00:57:41","145","176","3.3","163","223","6:03","4:02","106","96","1.01","9.6","9.7","241","49.3% vänster/50.7% höger","0.0","--","--","--","9,290","15.0","Nej","00:02:18.1","6","27.0","31","18","47","00:55:50","00:59:38","-4","56"
Löpning,2023-10-14 13:04:25,false,"Kungälv Löpning","13.25","678","01:19:44","143","152","2.9","166","173","6:01","4:59","189","191","0.95","10.1","9.7","253","49.0% vänster/51.0% höger","0.0","--","--","--","13,080","16.0","Nej","00:01:27.8","14","25.0","25","12","39","01:19:37","01:21:30","52","69"
Löpning,2023-10-13 12:48:47,false,"Kungälv Löpning","17.30","1,061","01:47:28","140","153","3.5","162","187","6:13","4:12","178","170","0.99","10.0","10.0","258","49.1% vänster/50.9% höger","0.0","--","--","--","17,210","14.0","Nej","00:01:44.5","18","28.0","25","15","37","01:47:09","01:53:38","5","92"
Löpning,2023-10-11 15:51:23,false,"Kungälv Löpning","14.52","915","01:29:40","144","153","3.5","165","177","6:11","5:31","152","155","1.00","9.7","9.8","255","49.0% vänster/51.0% höger","0.0","--","--","--","14,646","17.0","Nej","00:03:17.1","15","27.0","26","15","37","01:29:36","01:30:04","7","38"
Löpning,2023-10-09 19:02:22,false,"Kungälv Löpning","0.84","51","00:05:13.3","147","153","1.0","164","170","6:14","5:14","5","2","0.89","11.3","10.0","258","48.7% vänster/51.3% höger","0.0","--","--","--","838","19.0","Nej","00:05:13.3","1","21.0","31","26","35","00:05:13","00:05:13.3","59","65"
Löpning,2023-10-09 18:28:08,false,"Kungälv Löpning","6.47","368","00:30:01","169","180","3.6","174","185","4:38","4:06","14","14","1.17","8.3","9.9","210","49.4% vänster/50.6% höger","0.0","--","--","--","5,150","17.0","Nej","00:02:06.2","7","20.0","38","23","45","00:29:58","00:30:01","53","61"
Löpning,2023-10-09 18:16:35,false,"Kungälv Löpning","1.47","80","00:09:46.7","135","156","1.1","164","183","6:39","4:25","8","5","0.86","12.0","10.3","250","49.2% vänster/50.8% höger","0.0","--","--","--","1,582","20.0","Nej","00:02:59.2","2","26.0","27","18","31","00:09:45.5","00:09:46.7","59","67"
Löpning,2023-10-07 11:06:36,false,"Kungälv Löpning","22.13","1,361","02:21:40","139","149","4.0","163","171","6:24","5:24","164","162","0.96","10.1","9.8","265","48.6% vänster/51.4% höger","0.0","--","--","--","22,904","17.0","Nej","00:00:47.2","23","30.0","26","15","42","02:21:35","02:27:22","2","57"
Löpning,2023-10-06 12:34:16,false,"Löpning","3.81","232","00:23:06","144","172","2.9","144","176","6:03","4:13","3","5","1.14","--","--","--","--","0.0","--","--","--","3,300","26.0","Nej","00:00:00.8","6","29.0","--","--","--","00:19:27","00:46:05","52","59"
Löpning,2023-10-02 18:04:53,false,"Kungälv Löpning","12.01","685","01:08:53","158","181","3.4","166","200","5:44","3:23","210","206","0.96","10.2","9.7","251","49.1% vänster/50.9% höger","0.0","--","--","--","11,272","20.0","Nej","00:02:24.9","14","27.0","35","13","45","01:08:50","01:18:29","30","68"
Löpning,2023-09-30 16:10:54,false,"Löpning","15.01","755","01:31:16","143","155","2.8","161","187","6:05","5:31","51","52","1.02","10.6","11.1","243","49.5% vänster/50.5% höger","0.0","--","--","--","14,564","21.0","Nej","00:05:29.3","15","27.0","28","14","40","01:30:45","01:32:25","17","25"
Löpning,2023-09-29 12:53:40,false,"Kungälv Löpning","9.77","586","00:58:10","144","161","3.1","164","180","5:57","4:58","98","94","1.03","9.7","10.2","253","48.9% vänster/51.1% höger","0.0","--","--","--","9,442","19.0","Nej","00:04:25.1","10","29.0","25","14","40","00:58:05","01:05:29","3","61"
Löpning,2023-09-27 18:16:03,false,"Kungälv Löpning","9.89","582","01:04:56","151","181","3.3","146","233","6:34","3:43","84","101","0.99","9.3","9.1","259","49.6% vänster/50.4% höger","0.0","--","--","--","9,394","21.0","Nej","00:02:00.0","12","28.0","31","14","45","00:56:23","01:04:56","35","68"
Löpning,2023-09-25 18:17:11,false,"Kungälv Löpning","10.04","649","00:58:08","162","181","4.0","163","245","5:47","4:17","102","101","1.02","9.4","9.4","243","49.3% vänster/50.7% höger","0.0","--","--","--","9,260","20.0","Nej","00:01:00.7","15","25.0","37","19","45","00:54:30","00:59:04","36","68"
Löpning,2023-09-23 14:09:03,false,"Kungälv Löpning","18.82","1,153","01:49:40","149","164","4.1","166","174","5:50","5:04","122","120","1.03","9.1","9.6","258","49.0% vänster/51.0% höger","0.0","--","--","--","17,994","20.0","Nej","00:04:24.7","19","28.0","30","14","41","01:49:32","01:49:49","0","47"
Löpning,2023-09-20 18:16:28,false,"Kungälv Löpning","8.78","559","00:55:47","156","184","3.4","141","214","6:21","3:36","109","111","1.06","--","--","--","--","0.0","--","--","--","7,732","22.0","Nej","00:00:58.1","17","26.0","--","--","--","00:47:14","00:56:18","35","66"
Löpning,2023-09-18 18:15:52,false,"Kungälv Löpning","9.39","548","00:58:53","156","182","3.2","150","214","6:17","3:38","158","204","0.97","10.2","9.6","250","49.2% vänster/50.8% höger","0.0","--","--","--","8,684","22.0","Nej","00:03:00.0","8","28.0","34","18","45","00:52:21","00:58:53","33","68"
Löpning,2023-09-16 14:58:14,false,"Kungälv Löpning","10.66","658","01:02:50","150","162","3.3","165","171","5:54","5:16","55","55","1.02","9.7","10.0","254","49.0% vänster/51.0% höger","0.0","--","--","--","10,244","24.0","Nej","00:03:33.0","11","31.0","31","19","40","01:02:49","01:05:18","13","37"
Löpning,2023-09-15 12:12:49,false,"Kungälv Löpning","7.74","473","00:45:22","146","161","3.0","166","185","5:52","4:45","45","41","1.02","9.8","10.1","247","49.5% vänster/50.5% höger","0.0","--","--","--","7,462","20.0","Nej","00:03:56.8","8","28.0","32","16","41","00:45:20","00:47:02","1","24"
Annan,2023-09-09 11:30:04,false,"Göteborg Navigera","22.44","1,817","03:00:34","165","176","5.0","135","246","7.5","14.2","789","792","0.92","--","--","--","--","0.0","--","--","--","25,744","26.0","Nej","03:00:34","1","31.0","36","23","45","02:58:14","03:00:34","23","142"
Löpning,2023-09-07 17:51:39,false,"Kungälv Löpning","4.56","280","00:26:26","145","159","2.7","165","170","5:48","4:43","37","38","1.03","9.9","10.3","247","49.0% vänster/51.0% höger","0.0","--","--","--","4,314","23.0","Nej","00:03:07.1","5","31.0","28","18","40","00:26:23","00:26:26","16","41"
Löpning,2023-09-04 17:45:36,false,"Kungälv Löpning","10.25","639","00:59:52","151","161","3.3","165","170","5:51","5:05","58","60","1.03","9.7","10.2","251","49.0% vänster/51.0% höger","0.0","--","--","--","9,788","24.0","Nej","00:01:17.8","11","31.0","36","20","44","00:59:50","00:59:52","10","36"
Löpning,2023-09-02 11:57:51,false,"Kungälv Löpning","10.06","542","01:00:57","150","169","2.7","163","219","6:04","4:37","225","217","0.90","10.1","9.2","270","48.5% vänster/51.5% höger","0.0","--","--","--","9,836","22.0","Nej","00:00:12.1","11","29.0","31","21","42","01:00:56","01:00:57","11","73"
Löpning,2023-09-01 13:55:00,false,"Kungälv Löpning","10.06","573","00:57:10","157","181","3.0","165","198","5:41","0:41","233","227","0.95","10.0","9.6","260","49.0% vänster/51.0% höger","0.0","--","--","--","9,318","23.0","Nej","00:01:30.7","11","29.0","36","20","48","00:57:09","00:57:10","10","72"
Löpning,2023-08-30 15:14:01,false,"Kungälv Löpning","9.50","582","00:51:53","155","178","3.5","168","192","5:28","4:00","88","95","1.07","9.0","9.7","241","49.6% vänster/50.4% höger","0.0","--","--","--","8,604","23.0","Nej","00:00:41.9","12","29.0","36","17","47","00:51:51","00:51:53","1","59"
Löpning,2023-08-26 12:09:41,false,"Kungälv Löpning","20.06","974","02:07:24","144","160","3.0","161","186","6:21","4:54","573","586","0.86","10.8","9.3","275","48.9% vänster/51.1% höger","0.0","--","--","--","20,334","18.0","Nej","00:00:10.7","21","26.0","29","14","44","02:06:53","02:14:36","-2","72"
Löpning,2023-08-25 13:11:50,false,"Kungälv Löpning","10.78","681","01:09:54","142","179","3.3","153","209","6:29","2:05","28","31","0.98","9.7","9.3","257","49.5% vänster/50.5% höger","0.0","--","--","--","10,526","21.0","Nej","00:00:08.2","21","27.0","29","13","43","01:05:30","01:15:43","10","24"
Löpning,2023-08-23 17:30:03,false,"Kungälv Löpning","10.50","638","00:57:36","153","177","3.6","168","188","5:29","3:45","53","53","1.07","9.2","9.8","242","49.2% vänster/50.8% höger","0.0","--","--","--","9,568","22.0","Nej","00:02:00","7","30.0","32","14","44","00:57:33","00:57:44","10","38"
Löpning,2023-08-21 18:18:03,false,"Kungälv Löpning","11.01","653","01:00:55","152","176","3.4","168","182","5:32","4:15","99","117","1.05","8.9","9.4","248","49.4% vänster/50.6% höger","0.0","--","--","--","10,106","23.0","Nej","00:00:34.4","14","29.0","32","17","44","01:00:32","01:01:12","4","76"
Löpning,2023-08-19 12:25:56,false,"Kungälv Löpning","20.18","1,067","02:03:56","153","171","3.2","162","189","6:08","4:30","445","442","0.89","10.7","9.6","274","48.9% vänster/51.1% höger","0.0","--","--","--","19,892","25.0","Nej","00:00:44.3","21","31.0","33","18","43","02:03:51","02:08:36","6","69"
Löpning,2023-08-18 13:40:27,false,"Kungälv Löpning","10.01","517","01:02:34","146","163","2.4","165","185","6:15","4:47","216","225","0.87","11.2","9.8","257","48.7% vänster/51.3% höger","0.0","--","--","--","10,184","23.0","Nej","00:05:59","10","28.0","31","18","41","01:02:34","01:02:34","9","73"
Löpning,2023-08-16 16:07:16,false,"Kungälv Löpning","9.52","608","01:02:14","144","170","3.0","158","219","6:32","4:50","207","211","0.97","10.2","9.9","257","49.1% vänster/50.9% höger","0.0","--","--","--","9,692","23.0","Nej","00:00:59.6","19","30.0","31","17","42","01:00:40","01:03:43","20","62"
Löpning,2023-08-15 18:32:09,false,"Kungälv Löpning","12.02","766","01:04:23","160","179","4.0","169","183","5:21","4:14","64","53","1.10","9.0","10.1","232","49.2% vänster/50.8% höger","0.0","--","--","--","10,792","24.0","Nej","00:04:38.0","12","30.0","34","17","45","01:04:18","01:06:52","10","35"
Löpning,2023-08-12 12:41:03,false,"Löpning","16.02","783","01:37:08","145","152","2.7","164","181","6:04","5:55","12","4","1.01","10.5","10.8","243","49.5% vänster/50.5% höger","0.0","--","--","--","15,748","23.0","Nej","00:06:00.7","16","30.0","27","15","36","01:37:04","01:37:08","-3","7"
Löpning,2023-08-11 19:06:00,false,"Kungälv Löpning","10.16","624","01:01:45","145","154","3.0","164","171","6:05","5:08","49","49","1.00","10.1","10.3","248","49.3% vänster/50.8% höger","0.0","--","--","--","10,038","21.0","Nej","00:00:48.8","11","29.0","29","17","41","01:01:45","01:01:45","9","36"
Löpning,2023-08-09 18:01:57,false,"Kungälv Löpning","11.90","779","01:13:29","152","179","3.6","153","217","6:11","2:43","48","35","1.06","8.2","8.3","253","49.7% vänster/50.3% höger","0.0","--","--","--","10,900","16.0","Nej","00:00:30.0","45","27.0","32","16","46","01:09:48","01:26:14","11","20"
Löpning,2023-08-08 11:07:26,false,"Löpning","5.00","288","00:30:33","142","150","2.2","162","197","6:06","5:47","19","8","1.01","10.3","10.6","241","49.9% vänster/50.1% höger","0.0","--","--","--","4,906","23.0","Nej","00:06:00.5","5","29.0","27","17","40","00:30:14","00:30:33","4","14"
Löpning,2023-08-08 11:03:18,false,"Löpning","0.00","2","00:00:27.3","97","111","0.0","124","170","--","--","--","--","1.05","8.7","9.8","235","47.1% vänster/52.9% höger","0.0","--","--","--","18","28.0","Nej","00:00:02.7","2","28.0","21","21","21","00:00:00","00:00:27.3","8","9"
Löpning,2023-08-07 19:50:53,false,"Kungälv Löpning","10.57","634","00:57:53","149","178","3.5","167","188","5:29","3:42","56","55","1.07","9.4","10.0","234","49.5% vänster/50.5% höger","0.0","--","--","--","9,558","20.0","Nej","00:02:00.0","7","29.0","34","13","46","00:57:27","00:59:55","10","37"
Löpning,2023-08-05 14:09:35,false,"Kungälv Löpning","20.10","1,239","02:03:44","142","155","3.8","160","194","6:09","5:04","160","142","1.02","9.4","9.7","253","49.1% vänster/50.9% höger","0.0","--","--","--","19,696","23.0","Nej","00:04:40.5","21","30.0","27","14","39","01:59:41","02:09:03","-1","60"
Löpning,2023-08-03 18:12:42,false,"Kungälv Löpning","8.33","539","00:46:24","154","175","3.9","159","207","5:34","3:52","13","17","1.12","7.8","8.7","244","49.7% vänster/50.3% höger","0.0","--","--","--","7,210","22.0","Nej","00:00:40.9","22","31.0","34","19","45","00:42:06","00:49:43","10","21"
Löpning,2023-07-31 18:16:56,false,"Kungälv Löpning","11.75","702","01:02:42","154","168","3.9","169","187","5:20","4:05","66","62","1.10","8.7","9.7","227","49.0% vänster/51.0% höger","0.0","--","--","--","10,486","20.0","Nej","00:03:26.9","12","27.0","30","16","43","01:01:40","01:02:42","3","33"
Löpning,2023-07-29 11:34:14,false,"Kungälv Löpning","25.23","1,553","02:38:07","144","156","4.0","165","186","6:16","5:28","189","193","0.97","10.1","10.0","253","49.4% vänster/50.6% höger","0.0","--","--","--","25,796","24.0","Nej","00:01:06.1","26","31.0","31","18","42","02:37:56","02:38:07","-1","51"
Löpning,2023-07-27 16:29:22,false,"Kungälv Löpning","10.12","627","01:01:13","143","153","3.1","167","175","6:03","5:11","68","70","1.01","9.5","9.8","248","49.1% vänster/50.9% höger","0.0","--","--","--","10,106","26.0","Nej","00:00:34.3","11","31.0","26","18","38","01:01:11","01:02:09","19","56"
Löpning,2023-07-26 18:13:41,false,"Kungälv Löpning","9.05","568","00:51:32","152","176","3.6","164","240","5:42","2:51","20","13","1.07","8.9","9.3","238","49.3% vänster/50.7% höger","0.0","--","--","--","8,238","18.0","Nej","00:00:18.4","30","26.0","33","15","44","00:49:30","00:57:43","10","21"
Löpning,2023-07-24 18:17:30,false,"Kungälv Löpning","10.01","565","00:55:15","160","178","3.3","164","197","5:31","4:02","86","88","1.04","9.7","9.9","237","49.1% vänster/50.9% höger","0.0","--","--","--","8,894","21.0","Nej","00:01:00.4","16","28.0","37","14","45","00:53:13","00:57:16","34","65"
Löpning,2023-07-23 15:10:56,false,"Kungälv Löpning","9.27","576","00:53:16","150","166","3.2","167","181","5:45","4:45","52","47","1.04","9.4","10.0","243","49.1% vänster/50.9% höger","0.0","--","--","--","8,808","26.0","Nej","00:01:17.2","10","32.0","32","17","42","00:53:16","01:02:27","2","27"
Löpning,2023-07-22 19:57:56,false,"Kungälv Löpning","7.06","410","00:40:25","136","148","2.7","166","178","5:43","5:01","30","40","1.05","9.3","9.9","245","49.5% vänster/50.5% höger","0.0","--","--","--","6,608","21.0","Nej","00:00:14.6","8","31.0","28","18","37","00:40:19","00:43:05","18","33"
Löpning,2023-07-19 18:10:44,false,"Kungälv Löpning","8.82","560","00:54:44","149","181","3.3","153","255","6:12","3:22","49","55","1.09","7.6","8.1","266","50.0% vänster/50.0% höger","0.0","--","--","--","8,132","22.0","Nej","00:01:00.0","14","28.0","30","15","47","00:48:28","01:00:50","17","24"
Löpning,2023-07-17 18:16:27,false,"Kungälv Löpning","14.40","740","01:27:40","149","178","2.9","163","186","6:05","3:44","281","278","0.90","11.0","10.0","250","48.8% vänster/51.2% höger","0.0","--","--","--","14,124","21.0","Nej","00:00:41.1","16","28.0","32","18","43","01:26:51","01:33:44","12","71"
Annan,2023-07-14 17:49:49,false,"Gislaved Navigera","14.91","853","01:35:18","149","170","3.3","160","207","9.4","12.1","357","355","0.98","--","--","--","--","0.0","--","--","--","15,484","22.0","Nej","01:35:18","1","28.0","31","19","41","01:35:04","01:40:22","172","270"
Annan,2023-07-11 15:54:07,false,"Göteborg Navigera","8.13","487","00:50:34","147","153","2.8","163","177","9.6","11.7","57","58","0.98","--","--","--","--","0.0","--","--","--","8,306","23.0","Nej","00:50:34","1","30.0","30","20","39","00:50:26","00:50:34","5","26"
Annan,2023-07-11 14:05:12,false,"Göteborg Navigera","9.71","547","00:59:20","146","156","2.7","162","181","9.8","12.1","43","40","1.01","--","--","--","--","0.0","--","--","--","9,738","24.0","Nej","00:59:20","1","29.0","29","21","37","00:58:54","01:01:36","6","26"
Annan,2023-07-11 11:58:48,false,"Göteborg Navigera","8.67","557","00:50:35","155","164","3.3","166","178","10.3","12.3","74","77","1.04","--","--","--","--","0.0","--","--","--","8,442","24.0","Nej","00:50:35","1","27.0","34","15","42","00:50:35","00:50:35","5","44"
Annan,2023-07-11 10:21:57,false,"Göteborg Navigera","7.64","393","00:45:28","134","171","3.1","162","224","10.1","13.1","155","156","1.04","--","--","--","--","0.0","--","--","--","7,520","23.0","Nej","00:45:28","1","29.0","--","--","--","00:45:09","00:47:03","21","110"
Annan,2023-07-11 08:44:59,false,"Göteborg Navigera","9.80","587","00:58:08","150","167","3.1","164","203","10.1","15.0","163","165","1.03","--","--","--","--","0.0","--","--","--","9,558","20.0","Nej","00:58:08","1","26.0","32","16","40","00:58:02","00:58:08","73","103"
Löpning,2023-07-08 11:33:25,false,"Kungälv Löpning","15.35","911","01:31:10","147","160","3.4","164","186","5:56","4:40","99","109","1.03","9.6","10.1","252","49.2% vänster/50.8% höger","0.0","--","--","--","14,786","27.0","Nej","00:01:39.5","16","32.0","29","14","41","01:30:33","01:31:10","6","55"
Löpning,2023-07-07 12:41:58,false,"Kungälv Löpning","10.23","507","01:00:43","146","166","2.4","164","197","5:56","4:30","213","210","0.91","11.1","10.1","251","49.0% vänster/51.0% höger","0.0","--","--","--","9,892","22.0","Nej","00:01:07.6","11","33.0","32","18","43","01:00:43","01:02:17","7","73"
Löpning,2023-07-05 18:10:35,false,"Kungälv Löpning","10.01","633","00:59:44","148","175","3.4","156","195","5:58","3:51","7","10","1.11","8.3","9.1","243","49.6% vänster/50.4% höger","0.0","--","--","--","9,118","18.0","Nej","00:00:45.6","23","28.0","31","13","46","00:52:55","01:06:32","14","22"
Löpning,2023-07-03 18:15:46,false,"Kungälv Löpning","11.26","707","01:01:23","148","183","4.0","168","186","5:27","3:37","76","78","1.09","--","--","--","--","0.0","--","--","--","10,270","21.0","Nej","00:01:04.1","12","27.0","--","--","--","01:00:20","01:01:23","5","35"
Löpning,2023-07-01 12:36:26,false,"Kungälv Löpning","21.56","1,374","02:12:41","143","154","4.0","164","179","6:09","4:54","134","150","0.99","10.1","10.2","249","48.8% vänster/51.2% höger","0.0","--","--","--","21,534","22.0","Nej","00:03:27.9","22","30.0","28","19","38","02:11:41","02:12:41","4","57"
Löpning,2023-06-30 15:47:54,false,"Kungälv Löpning","10.25","593","00:58:45","139","150","3.1","165","213","5:44","4:50","80","95","1.05","9.7","10.4","240","49.3% vänster/50.7% höger","0.0","--","--","--","9,602","23.0","Nej","00:01:13.3","11","32.0","26","14","34","00:58:35","00:58:45","9","36"
Löpning,2023-06-28 18:08:42,false,"Kungälv Löpning","8.64","551","00:50:55","154","175","3.4","159","207","5:53","3:07","12","13","1.06","8.4","9.1","264","49.7% vänster/50.3% höger","0.0","--","--","--","7,944","26.0","Nej","00:00:19.9","29","33.0","31","12","43","00:48:25","01:02:31","16","23"
Löpning,2023-06-26 18:29:45,false,"Kungälv Löpning","7.14","437","00:43:23","152","173","3.1","159","190","6:05","3:33","143","133","0.97","9.9","9.5","246","49.0% vänster/51.0% höger","0.0","--","--","--","6,818","18.0","Nej","00:03:00.0","7","22.0","33","21","43","00:42:41","00:43:23","34","71"
Löpning,2023-06-26 18:17:59,false,"Kungälv Löpning","1.73","90","00:10:08","136","156","1.3","168","218","5:51","4:22","33","39","0.91","11.2","10.2","235","49.5% vänster/50.5% höger","0.0","--","--","--","1,682","19.0","Nej","00:04:15.7","2","27.0","27","19","35","00:10:08","00:10:08","38","67"
Löpning,2023-06-23 09:38:15,false,"Kungälv Löpning","10.17","617","00:59:45","146","162","3.2","166","175","5:52","5:10","53","52","1.02","9.6","10.0","249","49.3% vänster/50.7% höger","0.0","--","--","--","9,806","24.0","Nej","00:00:51","11","32.0","27","14","37","00:59:44","01:00:41","10","36"
Löpning,2023-06-21 20:15:08,false,"Falkenberg Löpning","7.32","467","00:44:34","144","176","3.4","150","186","6:05","3:54","65","66","1.06","7.8","8.5","232","49.5% vänster/50.5% höger","0.0","--","--","--","6,550","21.0","Nej","00:01:11.5","16","27.0","30","18","45","00:42:29","00:45:11","67","89"
Löpning,2023-06-17 16:46:27,false,"Kungälv Löpning","14.83","944","01:32:00","153","163","3.5","162","208","6:12","5:12","161","142","0.98","10.4","10.3","260","49.0% vänster/51.0% höger","0.0","--","--","--","14,778","28.0","Nej","00:04:39.6","15","36.0","32","19","39","01:32:00","01:32:00","--","47"
Löpning,2023-06-16 17:49:45,false,"Kungälv Löpning","10.17","653","00:58:29","154","167","3.5","165","197","5:45","4:38","56","47","1.06","9.3","10.1","249","49.3% vänster/50.7% höger","0.0","--","--","--","9,550","27.0","Nej","00:00:51.9","11","32.0","32","17","41","00:58:24","00:58:29","19","43"
Löpning,2023-06-14 13:15:56,false,"Göteborg Löpning","9.68","690","00:58:44","166","175","4.1","151","248","6:04","3:23","33","25","1.11","7.6","8.3","258","49.4% vänster/50.6% höger","0.0","--","--","--","8,520","31.0","Nej","00:00:30.0","49","36.0","35","25","44","00:55:01","00:58:44","3","16"
Löpning,2023-06-14 12:56:15,false,"Göteborg Löpning","3.01","189","00:18:10","144","159","2.4","160","170","6:02","5:14","12","17","1.04","9.6","10.1","251","49.7% vänster/50.3% höger","0.0","--","--","--","2,898","29.0","Nej","00:05:50.0","3","32.0","26","14","34","00:17:57","00:18:28","4","14"
Löpning,2023-06-13 17:16:55,false,"Kungälv Löpning","10.08","621","00:59:06","150","162","3.3","163","170","5:52","5:14","61","77","1.04","9.7","10.3","252","49.1% vänster/50.9% höger","0.0","--","--","--","9,554","27.0","Nej","00:00:19.7","11","32.0","33","18","42","00:59:06","00:59:51","11","38"
Löpning,2023-06-10 13:15:19,false,"Kungälv Löpning","10.01","606","00:47:33","174","187","4.5","175","188","4:45","3:31","53","51","1.17","7.7","9.2","232","49.5% vänster/50.5% höger","0.0","--","--","--","8,230","25.0","Nej","00:00:00.8","11","31.0","39","25","44","00:47:32","00:47:33","4","17"
Löpning,2023-06-07 18:33:37,false,"Kungälv Löpning","3.80","266","00:21:14","168","185","3.3","155","244","5:35","3:41","22","22","1.16","7.1","8.4","263","50.3% vänster/49.7% höger","0.0","--","--","--","3,192","27.0","Nej","00:00:44.9","11","31.0","37","23","47","00:19:42","00:21:14","20","25"
Löpning,2023-06-07 18:04:49,false,"Kungälv Löpning","2.31","150","00:13:42","149","163","2.5","168","197","5:57","5:03","10","6","0.99","10.3","10.2","238","49.8% vänster/50.2% höger","0.0","--","--","--","2,252","29.0","Nej","00:01:40.6","3","34.0","28","18","39","00:13:41","00:20:10","21","24"
Löpning,2023-06-05 14:30:53,false,"Kungälv Löpning","11.87","696","01:06:36","150","162","3.4","167","182","5:37","4:44","62","64","1.05","9.1","9.6","248","49.5% vänster/50.5% höger","0.0","--","--","--","10,996","25.0","Nej","00:04:34.1","12","29.0","24","12","37","01:06:14","01:07:26","-1","25"
Löpning,2023-06-03 13:09:43,false,"Stenungsund Löpning","21.00","3","02:10:16","158","163","3.3","82","161","6:12","6:33","--","--","1.41","4.9","6.0","490","48.9% vänster/51.1% höger","0.0","--","--","--","16","24.0","Nej","00:00:16.4","1","24.0","36","34","37","00:00:07","00:49:06","13","27"
Löpning,2023-06-02 18:22:15,false,"Kungälv Löpning","6.84","441","00:40:53","146","157","3.1","163","174","5:58","5:33","35","38","1.03","10.0","10.4","252","49.2% vänster/50.8% höger","0.0","--","--","--","6,584","22.0","Nej","00:04:53.8","7","31.0","30","17","38","00:40:44","00:40:53","20","34"
Löpning,2023-05-24 18:31:35,false,"Kungälv Löpning","5.75","407","00:42:46","148","180","3.2","130","252","7:26","3:22","32","38","1.14","7.0","7.4","280","50.3% vänster/49.7% höger","0.0","--","--","--","5,320","21.0","Nej","00:00:53.6","13","27.0","32","16","45","00:30:29","00:42:48","13","24"
Löpning,2023-05-24 18:13:27,false,"Kungälv Löpning","1.57","94","00:08:57.0","136","151","2.0","168","177","5:41","4:54","4","4","1.04","9.4","9.9","237","49.7% vänster/50.3% höger","0.0","--","--","--","1,494","24.0","Nej","00:03:06.4","2","29.0","27","13","35","00:08:54.4","00:11:11","20","23"
Löpning,2023-05-22 19:02:54,false,"Kungälv Löpning","10.21","611","00:59:50","144","156","3.1","166","174","5:52","5:05","51","52","1.02","9.7","10.0","248","49.4% vänster/50.6% höger","0.0","--","--","--","9,850","26.0","Nej","00:01:07.1","11","30.0","27","11","38","00:59:50","00:59:50","13","37"
Cykling,2023-05-21 12:47:05,false,"Kungälv Cykling","30.64","788","01:09:13","160","177","3.9","--","--","26.6","41.0","294","294","--","--","--","--","--","0.0","--","--","--","--","25.0","Nej","00:01:15.0","7","35.0","37","15","50","01:09:09","01:32:27","5","61"
Löpning,2023-05-19 17:07:13,false,"Kungälv Löpning","10.63","630","01:05:02","135","148","3.0","164","170","6:07","5:27","76","75","1.00","9.9","10.0","257","49.2% vänster/50.8% höger","0.0","--","--","--","10,594","21.0","Nej","00:03:38.3","11","30.0","28","15","38","01:05:01","01:05:55","18","46"
Löpning,2023-05-17 19:04:22,false,"Kungälv Löpning","1.13","69","00:06:44.2","151","155","1.2","165","171","5:58","5:30","6","7","0.89","11.1","10.1","252","49.4% vänster/50.6% höger","0.0","--","--","--","1,106","17.0","Nej","00:00:44.1","2","20.0","30","26","35","00:06:44.1","00:06:44.2","61","67"
Löpning,2023-05-17 19:02:32,false,"Kungälv Löpning","0.21","12","00:01:18.8","144","153","0.2","147","168","6:23","5:54","4","--","0.81","11.8","9.5","256","47.6% vänster/52.4% höger","0.0","--","--","--","212","17.0","Nej","00:01:18.8","1","18.0","30","28","32","00:01:18","00:01:18.8","60","65"
Löpning,2023-05-17 18:38:40,false,"Kungälv Löpning","3.84","263","00:22:56","160","181","3.0","147","240","5:58","4:00","16","15","1.11","7.2","8.4","255","50.8% vänster/49.2% höger","0.0","--","--","--","3,224","17.0","Nej","00:00:08.7","9","20.0","36","21","44","00:18:06","00:22:57","59","63"
Löpning,2023-05-17 18:06:02,false,"Kungälv Löpning","3.81","249","00:26:00","142","163","2.4","158","220","6:49","4:35","59","56","0.89","11.6","10.1","253","49.2% vänster/50.8% höger","0.0","--","--","--","4,052","18.0","Nej","00:05:56.0","4","28.0","29","12","37","00:24:37","00:31:02","35","67"
Löpning,2023-05-16 18:10:01,false,"Kungälv Löpning","6.89","419","00:42:43","134","147","2.7","164","171","6:12","5:19","34","36","0.99","10.1","10.1","255","49.5% vänster/50.5% höger","0.0","--","--","--","6,942","18.0","Nej","00:05:18.9","7","28.0","28","17","39","00:42:41","00:42:43","19","33"
Löpning,2023-05-15 18:15:46,false,"Kungälv Löpning","10.54","533","01:14:37","138","158","2.3","161","201","7:05","5:40","232","229","0.81","11.9","9.6","274","49.0% vänster/51.0% höger","0.0","--","--","--","11,898","21.0","Nej","00:03:17.9","11","31.0","29","14","39","01:14:32","01:14:37","13","71"
Löpning,2023-05-13 13:29:59,false,"Göteborg Löpning","21.63","1,323","01:48:44","169","179","5.0","175","187","5:02","3:37","162","164","1.10","8.1","9.1","238","49.2% vänster/50.8% höger","0.0","--","--","--","18,810","26.0","Nej","00:02:56.6","22","31.0","37","20","44","01:48:39","01:48:44","4","57"
Löpning,2023-05-10 18:19:33,false,"Kungälv Löpning","4.11","246","00:23:54","140","155","2.4","161","208","5:49","4:44","20","24","1.07","10.2","11.0","237","49.5% vänster/50.5% höger","0.0","--","--","--","3,798","25.0","Nej","00:00:34.0","5","30.0","25","12","32","00:23:22","00:27:17","25","38"
Löpning,2023-05-09 17:45:40,false,"Kungälv Löpning","2.47","149","00:13:33","144","159","2.4","161","177","5:30","4:29","9","7","1.17","8.8","10.2","226","49.6% vänster/50.4% höger","0.0","--","--","--","2,142","24.0","Nej","00:02:15.2","3","30.0","26","15","35","00:13:10","00:14:55","25","33"
Löpning,2023-05-08 18:30:00,false,"Kungälv Löpning","7.76","439","00:45:24","157","179","3.1","158","230","5:51","2:58","119","106","1.00","9.1","9.1","247","48.7% vänster/51.3% höger","0.0","--","--","--","7,202","20.0","Nej","00:03:00.0","7","24.0","35","20","44","00:42:29","00:45:24","38","72"
Löpning,2023-05-08 18:05:26,false,"Kungälv Löpning","2.74","146","00:16:27","142","160","1.4","165","196","6:00","5:03","31","40","0.91","10.7","9.8","240","49.2% vänster/50.8% höger","0.0","--","--","--","2,686","21.0","Nej","00:04:29.9","3","30.0","26","12","35","00:16:13","00:23:37","36","68"
Löpning,2023-05-06 14:57:09,false,"Kungälv Löpning","10.23","630","00:55:31","154","171","3.8","169","176","5:26","4:38","56","55","1.08","8.7","9.6","243","49.2% vänster/50.8% höger","0.0","--","--","--","9,294","20.0","Nej","00:00:06.2","12","32.0","31","19","44","00:55:29","00:56:45","11","37"
Löpning,2023-05-05 16:01:53,false,"Kungälv Löpning","6.87","417","00:38:16","143","157","3.1","165","175","5:34","4:33","45","44","1.08","9.1","10.1","247","49.4% vänster/50.6% höger","0.0","--","--","--","6,264","18.0","Nej","00:04:43.9","7","32.0","28","16","41","00:37:54","00:38:16","21","34"
Löpning,2023-05-03 18:32:00,false,"Kungälv Löpning","5.72","420","00:40:57","153","181","3.4","121","202","7:10","3:12","20","27","1.24","7.1","8.4","261","49.4% vänster/50.6% höger","0.0","--","--","--","4,768","17.0","Nej","00:01:00.0","19","20.0","32","16","44","00:27:20","00:40:57","7","16"
Löpning,2023-05-03 17:59:11,false,"Kungälv Löpning","2.67","173","00:16:50","139","164","2.2","165","218","6:18","3:34","15","8","0.99","9.8","9.6","252","49.4% vänster/50.6% höger","0.0","--","--","--","2,736","20.0","Nej","00:04:03.9","3","30.0","29","13","38","00:16:35","00:27:44","4","14"
Löpning,2023-05-01 16:47:29,false,"Kungälv Löpning","10.24","653","00:48:40","174","181","5.0","177","190","4:45","4:10","46","53","1.18","7.4","9.0","223","49.4% vänster/50.6% höger","0.0","--","--","--","8,528","12.0","Nej","00:01:26.4","11","16.0","39","22","49","00:48:28","00:48:40","-4","14"
Löpning,2023-04-26 17:58:04,false,"Kungälv Löpning","13.31","714","01:22:33","146","168","3.0","166","196","6:12","4:03","273","271","0.87","10.9","9.5","255","49.0% vänster/51.0% höger","0.0","--","--","--","13,658","16.0","Nej","01:22:33","1","29.0","31","15","41","01:22:30","01:29:48","12","73"
Löpning,2023-04-24 18:35:39,false,"Kungälv Löpning","9.58","607","00:50:13","156","171","4.1","169","188","5:15","4:02","66","54","1.13","8.0","9.1","232","49.3% vänster/50.7% höger","0.0","--","--","--","8,432","17.0","Nej","00:00:35.2","7","28.0","33","23","43","00:50:02","00:52:22","13","32"
Löpning,2023-04-23 12:13:55,false,"Kungälv Löpning","10.40","662","00:57:03","154","175","4.0","168","179","5:29","4:07","56","58","1.08","8.8","9.6","244","49.3% vänster/50.7% höger","0.0","--","--","--","9,506","15.0","Nej","00:00:52.1","11","29.0","33","17","44","00:57:00","00:57:03","10","36"
Löpning,2023-04-20 17:23:59,false,"Kungälv Löpning","6.33","409","00:38:34","144","157","3.0","163","178","6:06","5:10","38","38","1.03","9.6","10.0","257","49.4% vänster/50.6% höger","0.0","--","--","--","6,240","22.0","Nej","00:38:34","1","30.0","32","17","40","00:38:13","00:38:34","20","33"
Löpning,2023-04-15 11:40:23,false,"Göteborg Löpning","10.02","628","00:48:43","172","182","4.4","177","193","4:52","3:21","36","37","1.17","7.3","8.8","235","49.4% vänster/50.6% höger","0.0","--","--","--","8,540","19.0","Nej","00:48:43","1","25.0","38","17","44","00:48:43","00:48:43","3","11"
Löpning,2023-04-10 18:15:07,false,"Kungälv Löpning","10.19","565","01:00:30","150","175","3.1","165","191","5:56","3:34","217","210","0.90","10.4","9.2","252","49.1% vänster/50.9% höger","0.0","--","--","--","9,876","19.0","Nej","00:02:00.0","9","25.0","34","14","43","00:59:26","01:00:30","16","73"
Löpning,2023-04-07 13:37:08,false,"Kungälv Löpning","25.01","1,505","02:24:26","147","164","4.2","167","208","5:47","4:39","180","175","1.04","8.9","9.5","249","49.5% vänster/50.5% höger","0.0","--","--","--","23,940","18.0","Nej","02:24:26","1","26.0","30","15","40","02:22:20","02:24:28","3","66"
Löpning,2023-04-05 16:57:36,false,"Kungälv Löpning","2.72","184","00:16:54","145","156","2.4","164","178","6:13","5:02","17","12","0.99","9.1","9.0","251","49.6% vänster/50.4% höger","0.0","--","--","--","2,742","14.0","Nej","00:16:54","1","17.0","29","20","38","00:16:47","00:16:54","14","30"
Löpning,2023-04-05 16:19:14,false,"Kungälv Löpning","6.09","406","00:37:28","151","175","3.3","143","255","6:09","3:42","60","55","1.13","6.2","7.4","263","49.8% vänster/50.2% höger","0.0","--","--","--","5,232","14.0","Nej","00:02:00.0","15","20.0","33","22","44","00:32:18","00:37:28","18","29"
Löpning,2023-04-05 16:00:27,false,"Kungälv Löpning","2.89","188","00:18:11","136","158","2.3","161","210","6:18","3:49","22","35","1.01","9.6","9.6","249","49.9% vänster/50.1% höger","0.0","--","--","--","2,896","19.0","Nej","00:18:11","1","28.0","29","14","37","00:17:51","00:18:11","16","32"
Löpning,2023-04-03 18:29:31,false,"Kungälv Löpning","8.69","485","00:50:06","155","178","3.1","162","198","5:46","3:33","125","114","0.97","9.7","9.4","243","49.3% vänster/50.7% höger","0.0","--","--","--","8,036","13.0","Nej","00:02:58.4","6","19.0","35","23","46","00:48:07","00:50:06","36","70"
Löpning,2023-04-03 18:15:26,false,"Kungälv Löpning","1.77","86","00:12:07","137","157","0.6","163","196","6:50","5:55","27","37","0.82","12.8","10.5","253","49.5% vänster/50.5% höger","0.0","--","--","--","1,966","15.0","Nej","00:12:07","1","22.0","28","19","35","00:12:06","00:12:07","36","67"
Löpning,2023-04-01 14:41:20,false,"Kungälv Löpning","20.62","1,267","01:59:35","143","159","4.0","167","188","5:48","4:40","158","142","1.04","9.3","9.9","247","49.1% vänster/50.9% höger","0.0","--","--","--","19,888","14.0","Nej","01:59:35","1","26.0","31","14","44","01:59:26","02:00:20","1","53"
Löpning,2023-03-31 17:49:54,false,"Kungälv Löpning","10.03","625","00:57:40","147","159","3.4","167","173","5:45","5:12","59","63","1.06","8.8","9.5","247","49.3% vänster/50.7% höger","0.0","--","--","--","9,590","13.0","Nej","00:57:40","1","29.0","27","13","40","00:57:39","00:57:40","10","32"
Löpning,2023-03-29 18:03:05,false,"Kungälv Löpning","9.70","614","01:09:46","144","179","3.0","149","210","7:11","3:36","260","261","1.25","13.0","10.0","252","--","0.0","--","--","--","9,834","8.0","Nej","00:00:24.7","25","24.0","28","18","39","01:03:54","01:14:52","33","65"
Löpning,2023-03-27 18:05:48,false,"Kungälv Löpning","11.25","664","01:05:15","173","225","4.1","160","202","5:48","4:06","103","102","1.61","10.3","10.8","231","--","0.0","--","--","--","10,116","11.0","Nej","00:00:52.6","6","29.0","30","19","49","01:01:12","01:12:01","35","68"
Löpning,2023-03-25 16:43:06,false,"Kungälv Löpning","20.01","1,247","01:56:28","146","173","4.1","168","176","5:49","5:01","116","117","1.41","7.6","10.7","243","--","0.0","--","--","--","19,262","16.0","Nej","01:56:28","1","28.0","29","14","37","01:56:25","01:57:35","19","57"
Löpning,2023-03-24 16:31:52,false,"Kungälv Löpning","9.73","613","00:55:57","146","161","3.4","167","176","5:45","5:02","60","64","1.43","7.7","10.8","242","--","0.0","--","--","--","9,192","15.0","Nej","00:55:57","1","29.0","30","12","36","00:55:39","00:55:57","16","36"
Löpning,2023-03-22 19:01:34,false,"Kungälv Löpning","2.00","132","00:11:27","158","165","2.3","166","173","5:43","4:48","7","17","1.04","9.8","10.3","241","49.5% vänster/50.5% höger","0.0","--","--","--","1,892","16.0","Nej","00:11:27","1","18.0","36","18","43","00:11:23","00:11:27","6","16"
Löpning,2023-03-22 18:31:36,false,"Kungälv Löpning","4.57","342","00:28:06","162","183","3.4","134","246","6:09","3:04","25","23","1.32","6.3","8.4","238","49.5% vänster/50.5% höger","0.0","--","--","--","3,574","14.0","Nej","00:00:05.7","19","18.0","36","20","45","00:19:15","00:28:06","9","17"
Löpning,2023-03-22 18:16:42,false,"Kungälv Löpning","1.71","113","00:10:48","139","158","2.0","166","202","6:19","4:16","12","7","0.94","11.1","10.4","245","49.5% vänster/50.5% höger","0.0","--","--","--","1,776","18.0","Nej","00:10:48","1","26.0","30","14","40","00:10:48","00:10:48","3","13"
Löpning,2023-03-20 18:15:47,false,"Kungälv Löpning","9.90","643","00:58:18","145","169","3.6","170","180","5:53","5:02","89","92","1.49","7.3","10.8","238","--","0.0","--","--","--","9,684","15.0","Nej","00:04:51.4","10","23.0","30","17","37","00:58:11","00:58:18","5","60"
Löpning,2023-03-18 15:29:18,false,"Kungälv Löpning","17.19","858","01:40:26","97","163","3.0","156","186","5:51","4:36","87","92","1.40","7.5","10.5","243","--","0.0","--","--","--","15,342","13.0","Nej","01:40:26","1","30.0","18","11","37","01:40:26","01:45:24","9","33"
Löpning,2023-03-15 18:23:18,false,"Löpning","9.02","646","00:53:23","162","178","4.1","154","180","5:55","4:38","--","2","1.84","11.5","11.9","218","--","0.0","--","--","--","7,950","15.0","Nej","00:01:00.9","4","27.0","34","14","40","00:47:33","00:57:00","10","19"
Löpning,2023-03-14 10:29:29,false,"Kungälv Löpning","6.83","406","00:40:41","135","153","2.8","167","178","5:57","5:08","44","38","1.51","7.7","10.8","236","--","0.0","--","--","--","6,606","14.0","Nej","00:40:41","1","27.0","26","12","35","00:40:26","00:44:12","9","35"
Löpning,2023-03-11 13:22:13,false,"Göteborg Löpning","15.10","1,000","01:33:10","145","161","3.9","166","181","6:10","5:05","116","92","3.42","4.8","11.0","158","--","0.0","--","--","--","15,050","10.0","Nej","01:33:10","1","26.0","31","14","36","01:31:15","01:33:10","3","57"
Löpning,2023-03-10 12:33:33,false,"Löpning","8.00","549","00:50:01","150","175","3.3","165","178","6:15","6:06","--","2","1.46","7.7","11.3","241","--","0.0","--","--","--","8,138","12.0","Nej","00:50:01","1","19.0","32","15","37","00:49:58","00:50:01","26","29"
Löpning,2023-03-08 18:16:30,false,"Kungälv Löpning","13.90","965","01:29:47","155","177","4.3","155","202","6:28","4:23","283","284","1.30","11.4","9.5","247","--","0.0","--","--","--","13,360","7.0","Nej","00:01:30.7","14","22.0","32","13","40","01:23:04","01:29:47","11","68"
Löpning,2023-03-06 18:16:08,false,"Kungälv Löpning","10.47","447","00:58:27","109","215","2.5","161","184","5:35","4:13","91","92","1.54","9.5","10.9","234","--","0.0","--","--","--","9,356","10.0","Nej","00:02:12.1","5","24.0","19","11","49","00:55:42","00:58:27","6","62"
Löpning,2023-03-04 15:02:50,false,"Kungälv Löpning","17.77","1,115","01:44:44","124","175","4.3","165","204","5:54","3:50","168","179","1.34","8.3","10.7","247","--","0.0","--","--","--","17,352","12.0","Nej","01:44:44","1","29.0","24","13","39","01:44:07","01:44:44","-0","49"
Löpning,2023-03-03 15:36:42,false,"Kungälv Löpning","10.07","484","00:55:22","111","170","2.6","164","173","5:30","4:53","55","77","1.52","8.4","11.5","238","--","0.0","--","--","--","9,082","15.0","Nej","00:55:22","1","29.0","22","13","38","00:54:40","00:56:37","12","49"
Löpning,2023-03-01 17:59:46,false,"Kungälv Löpning","11.02","662","01:14:12","131","182","3.3","137","215","6:44","3:09","79","79","1.53","17.1","10.7","233","--","0.0","--","--","--","10,004","10.0","Nej","00:03:52.2","12","25.0","25","12","40","00:59:36","01:23:51","36","67"
Löpning,2023-02-27 18:16:09,false,"Kungälv Löpning","10.21","627","01:01:25","130","178","3.4","167","190","6:01","5:07","89","91","1.40","7.8","10.8","244","--","0.0","--","--","--","10,270","14.0","Nej","01:01:25","1","25.0","25","12","40","01:01:22","01:01:25","6","61"
Löpning,2023-02-25 09:40:57,false,"Kungälv Löpning","29.00","1,809","02:54:08","135","177","4.9","166","177","6:00","4:49","228","229","1.28","8.4","10.2","251","--","0.0","--","--","--","28,896","10.0","Nej","00:05:44.4","29","26.0","26","12","40","02:52:27","02:59:29","0","56"
Löpning,2023-02-22 18:07:46,false,"Kungälv Löpning","8.73","491","01:00:10","136","225","3.6","145","196","6:53","3:35","240","238","1.17","15.0","10.3","262","--","0.0","--","--","--","8,508","13.0","Nej","00:00:26.4","24","25.0","24","16","43","00:54:03","01:03:21","36","68"
Löpning,2023-02-19 17:16:49,false,"Kungälv Löpning","0.14","9","00:01:01.3","129","140","0.1","158","166","7:21","6:52","--","--","1.07","9.5","10.1","270","--","0.0","--","--","--","160","15.0","Nej","00:01:01.3","1","15.0","24","22","27","00:01:01","00:01:01.3","24","25"
Löpning,2023-02-19 16:49:18,false,"Stenungsund Löpning","5.11","312","00:23:30","172","189","3.7","175","186","4:36","3:46","28","19","1.78","6.2","10.8","220","--","0.0","--","--","--","4,128","13.0","Nej","00:23:30","1","17.0","33","18","42","00:23:29","00:25:23","13","27"
Löpning,2023-02-19 16:13:53,false,"Kungälv Löpning","4.87","349","00:32:42","144","167","3.0","154","198","6:43","3:23","20","27","1.46","10.6","11.7","239","--","0.0","--","--","--","4,912","14.0","Nej","00:32:42","1","29.0","28","19","36","00:30:52","00:32:42","19","36"
Löpning,2023-02-17 14:11:41,false,"Löpning","8.00","481","00:53:24","137","184","3.2","152","172","6:40","5:05","13","--","1.47","11.5","11.8","242","--","0.0","--","--","--","8,106","14.0","Nej","00:53:24","1","24.0","27","16","40","00:49:48","00:53:24","42","55"
Löpning,2023-02-15 18:34:35,false,"Kungälv Löpning","5.82","367","00:37:42","136","184","2.9","134","188","6:29","3:48","25","24","1.53","16.6","10.3","227","--","0.0","--","--","--","4,804","13.0","Nej","00:01:59.9","11","19.0","26","15","41","00:30:57","00:41:05","59","65"
Löpning,2023-02-15 17:56:00,false,"Kungälv Löpning","4.40","273","00:31:23","135","178","2.3","150","204","7:08","4:59","58","55","1.26","11.9","10.0","252","--","0.0","--","--","--","4,564","14.0","Nej","00:31:23","1","27.0","25","15","39","00:28:58","00:38:12","37","69"
Löpning,2023-02-13 18:01:04,false,"Kungälv Löpning","13.81","893","01:20:44","151","167","4.0","168","188","5:51","4:48","101","105","1.42","7.6","10.7","243","--","0.0","--","--","--","13,612","14.0","Nej","01:20:44","1","27.0","32","18","39","01:20:37","01:24:25","2","64"
Löpning,2023-02-12 15:33:22,false,"Kungälv Löpning","10.18","638","01:00:36","142","162","3.4","167","174","5:57","5:18","47","49","1.29","8.2","10.2","251","--","0.0","--","--","--","10,136","16.0","Nej","01:00:36","1","29.0","28","14","37","00:59:58","01:02:59","9","37"
Löpning,2023-02-04 13:23:35,false,"Kungälv Löpning","16.53","1,083","01:47:39","140","157","3.6","161","177","6:31","5:06","109","110","1.14","9.9","9.7","265","--","0.0","--","--","--","17,314","13.0","Nej","01:47:39","1","25.0","29","15","36","01:44:55","01:47:39","14","39"
Löpning,2023-02-03 11:45:26,false,"Göteborg Löpning","10.01","644","00:58:05","145","157","3.4","167","173","5:48","5:10","45","54","1.37","7.9","10.8","247","--","0.0","--","--","--","9,744","10.0","Nej","00:58:05","1","27.0","29","10","36","00:58:05","00:58:05","2","24"
Löpning,2023-02-01 19:12:49,false,"Kungälv Löpning","2.65","172","00:16:08","145","153","2.2","168","172","6:05","5:32","7","27","1.26","7.8","9.9","253","--","0.0","--","--","--","2,722","10.0","Nej","00:16:08","1","12.0","30","23","35","00:16:08","00:16:08","8","27"
Löpning,2023-02-01 18:12:18,false,"Kungälv Löpning","8.70","577","00:55:01","145","180","3.2","160","190","6:19","3:41","215","200","1.19","9.7","9.7","257","--","0.0","--","--","--","8,622","11.0","Nej","00:00:02.0","28","27.0","28","14","38","00:53:51","01:00:12","7","52"
Löpning,2023-01-30 18:17:11,false,"Kungälv Löpning","11.26","660","01:04:15","128","174","3.6","165","192","5:42","4:06","48","53","1.50","8.3","10.3","237","--","0.0","--","--","--","10,570","14.0","Nej","00:02:00.0","8","18.0","25","10","41","01:02:28","01:05:22","-2","15"
Löpning,2023-01-30 18:03:52,false,"Kungälv Löpning","1.03","63","00:05:58.9","131","143","1.1","168","176","5:50","5:29","4","6","1.44","7.3","10.5","242","--","0.0","--","--","--","1,000","18.0","Nej","00:05:58.9","1","24.0","24","18","30","00:05:58.9","00:07:31.1","7","12"
Löpning,2023-01-28 16:45:37,false,"Kungälv Löpning","20.00","1,246","01:58:14","144","170","4.3","165","178","5:55","4:27","117","116","1.32","8.1","10.2","250","--","0.0","--","--","--","19,666","11.0","Nej","00:25:53","3","26.0","29","14","39","01:57:30","01:58:45","22","56"
Löpning,2023-01-27 15:26:29,false,"Kungälv Löpning","10.01","627","00:59:14","142","156","3.3","166","174","5:55","4:59","64","63","1.30","8.0","10.4","252","--","0.0","--","--","--","9,922","16.0","Nej","00:59:14","1","30.0","29","13","35","00:59:14","00:59:17","25","56"
Löpning,2023-01-25 19:10:16,false,"Kungälv Löpning","0.62","38","00:03:57.7","141","154","0.6","164","172","6:26","5:35","6","10","1.22","8.2","10.0","255","--","0.0","--","--","--","648","14.0","Nej","00:03:57.7","1","14.0","27","22","32","00:03:57","00:03:57.7","6","13"
Löpning,2023-01-25 18:30:02,false,"Kungälv Löpning","6.04","433","00:38:58","157","182","3.4","124","194","6:27","3:36","32","30","1.70","19.9","10.3","209","--","0.0","--","--","--","4,470","12.0","Nej","00:00:57.3","16","14.0","33","18","42","00:30:07","00:38:58","11","20"
Löpning,2023-01-25 18:08:08,false,"Kungälv Löpning","2.41","153","00:14:43","138","159","2.3","165","191","6:07","3:29","17","13","1.27","8.2","10.4","254","--","0.0","--","--","--","2,448","14.0","Nej","00:14:43","1","28.0","27","16","35","00:14:43","00:18:54","3","12"
Löpning,2023-01-23 19:10:32,false,"Kungälv Löpning","1.82","96","00:10:43","107","149","1.3","166","175","5:54","5:15","9","1","1.34","8.6","10.1","247","--","0.0","--","--","--","1,782","12.0","Nej","00:10:43","1","20.0","21","14","35","00:10:32","00:10:43","5","16"
Löpning,2023-01-23 18:15:55,false,"Kungälv Löpning","8.44","462","00:45:01","135","177","3.4","167","234","5:20","3:38","68","69","1.54","8.2","10.6","234","--","0.0","--","--","--","7,546","13.0","Nej","00:10:44","2","17.0","27","15","39","00:43:59","00:48:01","4","30"
Löpning,2023-01-23 17:59:48,false,"Kungälv Löpning","1.53","100","00:09:21.4","136","148","2.0","167","174","6:06","5:07","9","7","1.32","7.9","10.5","248","--","0.0","--","--","--","1,542","16.0","Nej","00:09:21.4","1","26.0","27","19","34","00:09:20","00:09:21.4","8","13"
Löpning,2023-01-21 12:04:13,false,"Kungälv Löpning","25.00","1,577","02:26:15","150","170","4.7","166","179","5:51","4:33","146","165","1.33","8.6","10.3","248","--","0.0","--","--","--","24,304","10.0","Nej","02:26:15","1","25.0","31","17","39","02:23:54","02:26:15","1","55"
Löpning,2023-01-18 18:16:55,false,"Kungälv Löpning","6.54","391","00:43:15","129","172","2.7","154","214","6:37","3:50","191","192","1.17","11.4","9.9","257","--","0.0","--","--","--","6,340","12.0","Nej","00:05:53.9","2","21.0","26","14","39","00:40:55","00:48:42","13","60"
Löpning,2023-01-16 19:10:12,false,"Kungälv Löpning","1.77","114","00:10:15","149","160","2.1","169","177","5:48","5:08","5","8","1.37","7.5","10.3","246","--","0.0","--","--","--","1,744","14.0","Nej","00:10:15","1","17.0","34","23","37","00:10:15","00:10:15","2","10"
Löpning,2023-01-16 18:01:06,false,"Kungälv Löpning","9.87","587","00:52:34","148","179","3.8","171","200","5:19","3:49","69","66","1.52","7.1","10.5","235","--","0.0","--","--","--","9,012","11.0","Nej","00:16:36","3","25.0","30","13","41","00:52:20","01:03:48","1","28"
Löpning,2023-01-14 13:10:56,false,"Kungälv Löpning","20.21","1,286","02:02:59","149","164","4.4","164","196","6:05","2:17","145","143","1.29","8.7","10.3","251","--","0.0","--","--","--","20,276","12.0","Nej","02:02:59","1","28.0","32","15","38","02:01:07","02:02:59","4","53"
Löpning,2023-01-13 18:06:23,false,"Löpning","10.00","639","01:00:04","149","164","3.6","162","172","6:00","5:35","2","1","1.44","8.3","11.9","245","--","0.0","--","--","--","9,830","13.0","Nej","01:00:04","1","25.0","32","12","38","01:00:01","01:00:04","26","29"
Löpning,2023-01-11 19:09:13,false,"Kungälv Löpning","1.04","72","00:08:37.2","139","159","1.1","135","171","8:16","5:55","--","1","1.13","17.7","9.5","263","--","0.0","--","--","--","1,136","14.0","Nej","00:08:37.2","1","17.0","29","22","36","00:07:02","00:08:37.2","58","61"
Löpning,2023-01-11 18:39:01,false,"Kungälv Löpning","4.78","293","00:29:26","141","183","3.0","133","194","6:09","3:39","34","35","1.56","17.9","10.3","223","--","0.0","--","--","--","3,754","13.0","Nej","00:01:24.8","10","16.0","27","13","42","00:23:43","00:29:26","58","63"
Löpning,2023-01-11 18:15:35,false,"Kungälv Löpning","2.96","152","00:20:13","124","163","1.5","162","188","6:49","3:41","55","52","1.11","12.9","10.0","275","--","0.0","--","--","--","3,264","15.0","Nej","00:20:13","1","26.0","24","12","37","00:20:11","00:20:13","36","67"
Löpning,2023-01-09 17:59:37,false,"Kungälv Löpning","12.74","755","01:10:25","148","197","4.2","166","186","5:32","4:06","96","92","1.51","8.1","10.6","236","--","0.0","--","--","--","11,650","12.0","Nej","00:00:59.5","7","27.0","31","13","41","01:09:07","01:22:49","6","28"
Löpning,2023-01-07 19:01:30,false,"Löpning","10.00","639","01:03:52","146","169","3.3","158","172","6:23","5:08","2","1","1.49","9.8","12.2","241","--","0.0","--","--","--","10,142","12.0","Nej","01:03:52","1","23.0","29","10","38","01:01:51","01:03:52","31","34"
Löpning,2023-01-06 13:18:09,false,"Löpning","8.01","566","00:58:15","146","176","3.6","135","182","7:16","3:55","5","7","1.52","17.7","11.0","236","--","0.0","--","--","--","7,576","12.0","Nej","00:00:11.1","21","22.0","30","13","41","00:45:02","00:58:15","27","34"
Löpning,2023-01-05 14:36:28,false,"Kungälv Löpning","6.51","417","00:36:40","156","175","3.6","168","222","5:38","4:41","34","40","1.33","7.9","10.2","248","--","0.0","--","--","--","6,012","13.0","Nej","00:36:40","1","27.0","33","14","39","00:36:27","00:36:40","18","29"
Löpning,2023-01-01 16:39:02,false,"Kungälv Löpning","10.23","629","01:02:28","134","157","3.4","164","174","6:07","5:03","45","48","1.22","8.8","10.1","257","--","0.0","--","--","--","10,280","16.0","Nej","01:02:28","1","28.0","27","14","35","01:01:41","01:02:28","11","33"
Löpning,2022-12-30 14:24:51,false,"Kungälv Löpning","18.00","1,129","01:50:47","147","163","4.1","163","206","6:09","4:56","141","142","1.23","9.2","9.7","255","--","0.0","--","--","--","18,104","12.0","Nej","01:50:47","1","28.0","30","12","37","01:47:42","01:50:52","6","53"
Löpning,2022-12-28 18:04:52,false,"Kungälv Löpning","13.96","871","01:28:20","151","181","3.9","159","184","6:20","4:44","249","253","1.25","9.7","10.1","254","--","0.0","--","--","--","13,980","13.0","Nej","00:00:15.9","14","26.0","31","18","41","01:26:13","01:37:15","10","64"
Löpning,2022-12-26 15:14:37,false,"Kungälv Löpning","7.26","470","00:45:40","162","181","3.5","156","189","6:18","3:36","111","99","1.24","10.6","9.9","253","--","0.0","--","--","--","7,018","13.0","Nej","00:03:00.0","7","17.0","35","22","42","00:43:43","00:45:40","37","71"
Löpning,2022-12-26 15:02:58,false,"Kungälv Löpning","1.65","99","00:10:01","152","164","2.0","167","193","6:03","5:29","24","35","1.26","8.3","10.2","256","--","0.0","--","--","--","1,678","16.0","Nej","00:10:01","1","25.0","27","17","37","00:10:01","00:10:01","39","69"
Löpning,2022-12-24 11:13:26,false,"Kungälv Löpning","7.18","436","00:41:47","133","161","3.2","167","176","5:49","5:00","31","35","1.31","8.2","10.4","251","--","0.0","--","--","--","7,010","6.0","Nej","00:41:47","1","23.0","27","20","34","00:41:45","00:41:54","17","29"
Löpning,2022-12-23 14:04:18,false,"Kungälv Löpning","18.00","1,162","01:52:14","151","167","4.4","163","205","6:14","5:04","127","128","1.19","8.6","9.7","259","--","0.0","--","--","--","18,256","12.0","Nej","01:52:14","1","28.0","33","18","39","01:51:02","01:52:22","-3","45"
Löpning,2022-12-21 18:39:10,false,"Kungälv Löpning","7.31","450","00:40:10","162","181","3.8","164","184","5:30","4:03","25","22","1.51","8.3","10.1","234","--","0.0","--","--","--","6,554","13.0","Nej","00:03:00.0","6","17.0","35","13","41","00:39:04","00:41:00","2","8"
Löpning,2022-12-21 18:18:02,false,"Kungälv Löpning","3.05","194","00:19:06","140","150","2.5","165","176","6:15","5:38","7","11","1.31","8.0","10.4","252","--","0.0","--","--","--","3,182","13.0","Nej","00:19:06","1","17.0","30","21","34","00:19:06","00:19:06","4","9"
Löpning,2022-12-21 18:07:10,false,"Löpning","0.66","34","00:04:16.2","125","143","0.6","164","174","6:30","5:39","9","1","1.20","8.4","10.1","260","--","0.0","--","--","--","702","18.0","Nej","00:04:16.2","1","27.0","24","18","30","00:04:16.2","00:04:38.9","15","22"
Löpning,2022-12-19 19:10:39,false,"Löpning","10.01","650","00:58:39","163","177","4.6","157","179","5:52","4:39","5","1","1.53","10.2","11.5","238","--","0.0","--","--","--","9,234","13.0","Nej","00:00:59.5","8","23.0","34","11","41","00:55:30","01:01:55","52","57"
Löpning,2022-12-17 12:59:50,false,"Kungälv Löpning","16.71","1,071","01:44:50","154","168","4.5","163","185","6:16","5:09","182","184","1.24","9.3","10.3","256","--","0.0","--","--","--","17,138","8.0","Nej","01:44:50","1","26.0","34","17","39","01:44:28","01:44:50","11","55"
Löpning,2022-12-16 18:08:08,false,"Löpning","6.00","498","00:45:08","156","183","4.0","136","203","7:31","3:17","2","4","1.40","16.4","11.2","245","--","0.0","--","--","--","6,038","12.0","Nej","00:45:08","1","23.0","32","16","40","00:36:42","00:46:21","27","31"
Löpning,2022-12-14 18:15:56,false,"Kungälv Löpning","11.16","784","01:12:23","158","184","4.7","157","201","6:29","3:26","226","226","1.20","11.1","10.0","257","--","0.0","--","--","--","11,128","9.0","Nej","00:00:20.5","28","23.0","32","18","42","01:09:23","01:12:23","7","55"
Löpning,2022-12-10 18:08:45,false,"Karlstad Löpning","8.23","526","00:50:41","146","166","3.6","163","186","6:10","5:07","56","57","1.37","8.6","11.0","245","--","0.0","--","--","--","8,254","4.0","Nej","00:50:41","1","27.0","31","15","38","00:50:34","00:50:41","54","86"
Löpning,2022-12-09 16:48:44,false,"Löpning","7.34","501","00:45:02","153","172","4.0","164","175","6:08","5:01","1","4","1.37","8.3","11.3","248","--","0.0","--","--","--","7,444","14.0","Nej","00:45:02","1","25.0","33","14","39","00:44:55","00:45:02","13","17"
Löpning,2022-12-07 18:31:13,false,"Kungälv Löpning","6.34","471","00:42:57","159","186","4.1","126","202","6:46","3:54","28","33","1.66","21.6","10.2","219","--","0.0","--","--","--","5,168","--","Nej","00:02:00.0","17","5.0","32","22","43","00:34:14","00:42:57","6","15"
Löpning,2022-12-07 18:15:59,false,"Kungälv Löpning","2.05","129","00:12:01","147","164","2.5","171","181","5:52","5:16","19","7","1.48","7.4","10.6","236","--","0.0","--","--","--","2,042","4.0","Nej","00:12:01","1","21.0","31","17","37","00:12:01","00:12:01","7","20"
Löpning,2022-12-05 17:59:43,false,"Kungälv Löpning","6.82","430","00:40:53","144","166","3.6","167","178","6:00","4:57","33","37","1.25","8.2","10.2","255","--","0.0","--","--","--","6,858","13.0","Nej","00:40:53","1","25.0","31","12","37","00:40:52","00:40:53","20","36"
Löpning,2022-11-20 17:41:53,false,"Kungälv Löpning","10.27","700","01:02:05","--","--","2.4","166","176","6:03","5:33","55","54","1.00","--","--","--","--","0.0","--","--","--","10,302","10.0","Nej","01:02:05","1","29.0","--","--","--","01:02:03","01:02:05","10","39"
Löpning,2022-11-16 18:12:25,false,"Kungälv Löpning","2.36","160","00:16:20","--","--","0.9","155","182","6:55","5:05","20","10","0.93","--","--","--","--","0.0","--","--","--","2,518","14.0","Nej","00:16:20","1","26.0","14","14","14","00:14:54","00:16:20","7","18"
Löpning,2022-11-14 18:12:53,false,"Kungälv Löpning","11.41","699","00:58:32","144","175","4.9","170","186","5:08","3:46","53","50","1.15","--","--","--","--","0.0","--","--","--","9,982","15.0","Nej","00:08:56.4","2","26.0","--","--","--","00:56:44","01:07:41","7","21"
Löpning,2022-11-12 15:57:59,false,"Kungälv Löpning","12.04","742","01:11:52","139","161","3.7","166","174","5:58","5:03","59","62","1.01","--","--","--","--","0.0","--","--","--","11,894","17.0","Nej","01:11:52","1","29.0","--","--","--","01:11:46","01:11:59","13","34"
Löpning,2022-11-11 15:12:05,false,"Kungälv Löpning","9.29","583","00:55:16","148","168","3.5","168","176","5:57","5:11","83","86","1.00","--","--","--","--","0.0","--","--","--","9,216","19.0","Nej","00:55:16","1","27.0","--","--","--","00:55:16","00:55:16","7","36"
Löpning,2022-11-09 18:01:12,false,"Kungälv Löpning","6.14","393","00:37:40","145","173","3.1","168","178","6:08","5:32","18","20","0.97","--","--","--","--","0.0","--","--","--","6,338","17.0","Nej","00:37:40","1","29.0","--","--","--","00:37:39","00:38:48","21","36"
Löpning,2022-11-05 08:31:56,false,"Kungälv Löpning","42.21","2,598","04:14:01","164","186","5.0","169","214","6:01","4:34","304","360","0.98","--","--","--","--","0.0","--","--","--","42,668","16.0","Nej","00:01:00.4","43","22.0","--","--","--","04:09:56","04:14:01","3","70"
Löpning,2022-11-02 15:00:59,false,"Kungälv Löpning","0.57","32","00:03:03.0","154","166","0.8","170","181","5:22","5:17","2","6","1.10","--","--","--","--","0.0","--","--","--","510","19.0","Nej","00:03:03.0","1","22.0","--","--","--","00:03:03","00:03:03.0","64","71"
Annan,2022-11-02 13:48:46,false,"Kungälv Navigera","9.65","570","00:54:06","151","185","4.2","--","--","10.7","13.1","59","94","--","--","--","--","--","0.0","--","--","--","--","18.0","Nej","00:54:06","1","27.0","--","--","--","00:54:03","01:04:23","5","69"
Annan,2022-10-29 14:53:07,false,"Kungälv Navigera","14.15","604","01:18:25","132","151","2.5","--","--","10.8","14.8","105","102","--","--","--","--","--","0.0","--","--","--","--","18.0","Nej","01:18:25","1","26.0","--","--","--","01:18:21","01:18:40","3","34"
Löpning,2022-10-28 16:26:38,false,"Kungälv Löpning","10.19","622","00:56:26","155","175","4.0","171","180","5:32","4:38","45","48","1.06","--","--","--","--","0.0","--","--","--","9,616","18.0","Nej","00:56:26","1","30.0","--","--","--","00:56:18","00:57:24","13","35"
Löpning,2022-10-26 18:16:11,false,"Kungälv Löpning","15.19","963","01:25:12","155","179","5.0","169","194","5:36","4:18","67","67","1.06","--","--","--","--","0.0","--","--","--","14,326","17.0","Nej","01:25:12","1","26.0","--","--","--","01:24:05","01:27:17","2","19"
Löpning,2022-10-25 17:22:28,false,"Kungälv Löpning","8.03","512","00:44:02","140","164","4.3","165","188","5:29","3:56","44","45","1.10","--","--","--","--","0.0","--","--","--","7,380","17.0","Nej","00:09:11.0","4","29.0","--","--","--","00:42:40","00:46:50","15","32"
Löpning,2022-10-22 14:58:40,false,"Kungälv Löpning","19.58","1,038","01:56:34","150","166","3.6","167","188","5:57","4:25","377","375","1.01","--","--","--","--","0.0","--","--","--","19,432","17.0","Nej","00:04:59.2","5","27.0","--","--","--","01:55:48","01:56:37","12","72"
Löpning,2022-10-21 17:40:01,false,"Kungälv Löpning","6.90","430","00:40:35","151","162","3.3","169","176","5:53","5:01","32","32","1.01","--","--","--","--","0.0","--","--","--","6,810","16.0","Nej","00:40:35","1","30.0","--","--","--","00:40:35","00:40:35","23","36"
Löpning,2022-10-19 18:27:33,false,"Kungälv Löpning","6.59","410","00:40:51","141","171","3.3","142","200","6:12","3:10","25","29","1.05","--","--","--","--","0.0","--","--","--","5,682","12.0","Nej","00:01:00.0","19","17.0","--","--","--","00:33:17","00:40:51","6","16"
Löpning,2022-10-19 18:08:09,false,"Kungälv Löpning","1.65","106","00:10:49","136","150","2.0","163","178","6:34","5:33","23","10","0.94","--","--","--","--","0.0","--","--","--","1,766","17.0","Nej","00:10:49","1","30.0","--","--","--","00:10:25","00:15:07","7","19"
Löpning,2022-10-17 18:16:35,false,"Kungälv Löpning","10.23","627","00:56:48","151","168","4.2","169","188","5:33","3:58","38","39","1.06","--","--","--","--","0.0","--","--","--","9,530","16.0","Nej","00:02:08.2","7","27.0","--","--","--","00:55:54","00:56:48","1","11"
Löpning,2022-10-16 16:50:08,false,"Kungälv Löpning","9.17","587","00:54:13","144","157","3.7","170","176","5:55","5:05","56","63","1.00","--","--","--","--","0.0","--","--","--","9,188","18.0","Nej","00:54:13","1","28.0","--","--","--","00:54:13","00:54:13","13","32"
Löpning,2022-10-14 17:26:47,false,"Kungälv Löpning","10.13","610","00:58:08","148","159","3.7","167","180","5:44","4:43","52","52","1.04","--","--","--","--","0.0","--","--","--","9,640","15.0","Nej","00:58:08","1","27.0","--","--","--","00:58:07","00:58:08","15","37"
Löpning,2022-10-12 19:06:56,false,"Löpning","0.73","42","00:04:25.9","134","148","1.1","167","172","6:04","5:17","5","10","0.99","--","--","--","--","0.0","--","--","--","738","19.0","Nej","00:04:25.9","1","20.0","--","--","--","00:04:25","00:04:25.9","16","23"
Löpning,2022-10-12 18:25:29,false,"Löpning","5.99","375","00:40:04","145","172","3.1","124","198","6:41","3:32","17","18","0.99","--","--","--","--","0.0","--","--","--","4,802","16.0","Nej","00:00:03.3","17","20.0","--","--","--","00:28:14","00:40:04","17","23"
Löpning,2022-10-12 18:09:16,false,"Löpning","1.21","67","00:07:47.3","128","149","1.3","167","178","6:25","5:25","12","4","0.93","--","--","--","--","0.0","--","--","--","1,298","20.0","Nej","00:07:47.3","1","26.0","--","--","--","00:07:46","00:12:39","12","22"
Löpning,2022-10-10 18:33:03,false,"Löpning","8.92","550","00:48:37","158","181","3.9","170","186","5:27","3:53","112","69","1.08","--","--","--","--","0.0","--","--","--","8,412","16.0","Nej","00:48:37","1","21.0","--","--","--","00:48:04","00:53:44","18","69"
Löpning,2022-10-10 18:16:22,false,"Löpning","2.38","137","00:14:21","137","154","2.2","168","178","6:02","5:24","10","55","0.98","--","--","--","--","0.0","--","--","--","2,408","18.0","Nej","00:14:21","1","23.0","--","--","--","00:14:21","00:14:21","21","70"
Löpning,2022-10-07 18:48:38,false,"Löpning","8.00","549","00:51:38","--","--","0.0","158","174","6:27","6:06","5","--","0.98","--","--","--","--","0.0","--","--","--","8,164","19.0","Nej","00:51:38","1","25.0","--","--","--","00:50:02","00:51:38","45","51"
Löpning,2022-10-05 19:04:16,false,"Kungälv Löpning","0.94","76","00:06:30.5","167","175","2.1","166","176","6:55","5:56","13","5","0.87","--","--","--","--","0.0","--","--","--","1,068","22.0","Nej","00:06:30.5","1","23.0","--","--","--","00:06:30","00:06:30.5","52","64"
Löpning,2022-10-05 18:30:14,false,"Kungälv Löpning","5.77","328","00:33:04","157","177","2.9","159","192","5:44","3:27","94","87","1.06","--","--","--","--","0.0","--","--","--","5,210","18.0","Nej","00:00:03.2","7","23.0","--","--","--","00:32:30","00:33:04","39","71"
Löpning,2022-10-05 18:15:39,false,"Kungälv Löpning","1.78","106","00:12:46","138","153","1.3","163","186","7:09","5:36","32","40","0.86","--","--","--","--","0.0","--","--","--","2,090","20.0","Nej","00:12:46","1","25.0","--","--","--","00:12:44","00:12:46","36","66"
Annan,2022-10-02 11:32:17,false,"Kungälv Navigera","17.88","668","01:58:21","120","139","2.1","--","--","9.1","12.3","166","170","--","--","--","--","--","0.0","--","--","--","--","18.0","Nej","01:58:21","1","28.0","--","--","--","01:54:10","01:58:21","8","55"
Löpning,2022-09-30 15:12:32,false,"Kungälv Löpning","6.44","407","00:39:44","145","158","3.1","168","176","6:10","5:10","33","32","0.96","--","--","--","--","0.0","--","--","--","6,610","16.0","Nej","00:39:44","1","29.0","--","--","--","00:39:35","00:39:44","22","35"
Löpning,2022-09-28 19:10:33,false,"Kungälv Löpning","2.86","178","00:15:43","161","173","2.8","175","186","5:30","4:19","15","22","1.04","--","--","--","--","0.0","--","--","--","2,726","18.0","Nej","00:15:43","1","19.0","--","--","--","00:15:43","00:15:43","36","50"
Löpning,2022-09-28 18:19:19,false,"Kungälv Löpning","7.06","551","00:50:03","155","173","3.7","152","214","7:06","3:58","327","331","0.92","--","--","--","--","0.0","--","--","--","7,338","17.0","Nej","00:00:02.0","41","21.0","--","--","--","00:47:00","00:50:03","45","71"
Löpning,2022-09-28 17:59:35,false,"Kungälv Löpning","2.75","168","00:16:37","143","162","2.3","168","174","6:03","5:15","10","13","0.98","--","--","--","--","0.0","--","--","--","2,764","18.0","Nej","00:16:37","1","29.0","--","--","--","00:16:37","00:16:37","27","35"
Löpning,2022-09-26 19:10:30,false,"Kungälv Löpning","1.79","112","00:11:01","147","156","2.1","170","175","6:09","5:29","7","11","0.94","9.8","9.3","244","49.6% vänster/50.4% höger","0.0","--","--","--","1,864","19.0","Nej","00:11:01","1","22.0","30","22","36","00:10:58","00:11:01","4","12"
Löpning,2022-09-26 18:29:53,false,"Kungälv Löpning","6.98","422","00:34:38","169","181","4.1","175","189","4:58","4:14","62","66","1.14","8.1","9.4","217","49.7% vänster/50.3% höger","0.0","--","--","--","6,048","14.0","Nej","00:17:19","2","21.0","39","17","44","00:34:37","00:34:38","-1","26"
Löpning,2022-09-26 18:17:30,false,"Kungälv Löpning","0.81","49","00:05:33.4","135","149","0.9","169","256","6:50","5:42","13","10","0.88","10.4","8.8","246","50.0% vänster/50.0% höger","0.0","--","--","--","898","18.0","Nej","00:05:33.4","1","22.0","31","20","36","00:05:29","00:05:41.6","6","14"
Löpning,2022-09-25 18:30:13,false,"Kungälv Löpning","7.66","464","00:44:31","143","156","3.2","168","174","5:49","5:08","43","43","1.02","9.6","10.0","232","49.5% vänster/50.5% höger","0.0","--","--","--","7,482","17.0","Nej","00:44:31","1","28.0","28","14","38","00:44:30","00:44:31","15","30"
Annan,2022-09-23 13:35:13,false,"Göteborg Navigera","9.00","633","00:55:35","161","181","4.5","--","--","9.7","12.7","158","154","--","--","--","--","--","0.0","--","--","--","--","20.0","Nej","00:55:35","1","28.0","35","19","41","00:53:54","00:57:22","4","108"
Löpning,2022-09-21 17:58:23,false,"Kungälv Löpning","10.73","688","01:17:20","143","186","3.7","147","256","7:13","3:30","92","92","0.95","8.8","8.3","259","49.7% vänster/50.3% höger","0.0","--","--","--","11,216","16.0","Nej","00:02:59.9","6","27.0","32","18","48","01:09:35","01:17:20","28","60"
Löpning,2022-09-19 18:19:37,false,"Löpning","2.63","210","00:24:55","133","174","2.3","117","221","9:29","3:18","2","--","0.93","9.5","8.5","256","49.7% vänster/50.3% höger","0.0","--","--","--","2,804","20.0","Nej","00:24:55","1","28.0","30","18","42","00:17:24","00:24:55","29","32"
Löpning,2022-09-17 08:56:33,false,"Kungälv Löpning","17.01","1,060","01:45:27","147","170","4.0","168","220","6:12","4:33","146","150","0.95","9.8","9.5","244","49.1% vänster/50.9% höger","0.0","--","--","--","17,656","19.0","Nej","01:45:27","1","28.0","32","19","41","01:44:50","01:45:27","-2","46"
Löpning,2022-09-14 18:02:15,false,"Kungälv Löpning","9.28","574","00:58:08","140","155","3.2","167","208","6:16","5:15","63","60","0.95","10.0","9.7","247","49.4% vänster/50.6% höger","0.0","--","--","--","9,690","20.0","Nej","00:58:08","1","29.0","31","21","42","00:57:55","00:58:08","16","37"
Löpning,2022-09-12 18:42:25,false,"Kungälv Löpning","3.46","215","00:23:13","128","137","2.3","164","171","6:42","6:00","14","10","0.90","11.1","10.0","255","50.2% vänster/49.8% höger","0.0","--","--","--","3,806","22.0","Nej","00:23:13","1","30.0","34","14","42","00:23:12","00:23:13","25","34"
Annan,2022-09-10 10:48:35,false,"Göteborg Navigera","22.62","1,930","02:47:11","168","182","5.0","--","--","8.1","14.7","832","832","--","--","--","--","--","0.0","--","--","--","--","19.0","Nej","02:47:11","1","25.0","37","18","45","02:44:09","02:58:38","24","141"
Löpning,2022-09-07 18:03:05,false,"Kungälv Löpning","6.75","416","00:41:48","140","152","3.1","167","180","6:12","5:35","35","32","0.96","9.8","9.6","250","49.6% vänster/50.4% höger","0.0","--","--","--","6,972","23.0","Nej","00:41:48","1","29.0","29","21","36","--:--:--","00:41:48","22","37"
Löpning,2022-09-05 17:42:28,false,"Kungälv Löpning","10.55","640","01:03:16","149","179","4.0","162","185","6:00","4:01","48","48","1.01","9.0","9.2","240","49.8% vänster/50.2% höger","0.0","--","--","--","10,208","22.0","Nej","00:03:00","8","31.0","34","18","51","--:--:--","01:03:16","11","36"
Löpning,2022-09-02 15:08:42,false,"Kungälv Löpning","7.75","498","00:46:01","155","181","3.7","163","193","5:56","3:46","42","43","1.02","9.3","9.3","237","49.7% vänster/50.3% höger","0.0","--","--","--","7,386","24.0","Nej","00:00:01.3","16","30.0","36","19","49","--:--:--","00:46:01","21","34"
Löpning,2022-08-31 17:42:12,false,"Kungälv Löpning","16.30","1,007","01:45:59","139","158","3.6","164","223","6:30","5:28","84","81","0.93","10.2","9.6","256","48.8% vänster/51.2% höger","0.0","--","--","--","17,330","21.0","Nej","01:45:59","1","30.0","30","16","41","--:--:--","02:02:28","11","37"
Annan,2022-08-27 14:21:51,false,"Kungälv Navigera","17.01","919","01:48:29","142","160","3.2","--","--","9.4","12.3","155","156","--","--","--","--","--","0.0","--","--","--","--","25.0","Nej","01:48:29","1","30.0","31","14","45","01:47:15","01:48:29","10","54"
Löpning,2022-08-26 18:16:19,false,"Kungälv Löpning","10.29","611","01:03:28","144","158","3.3","167","226","6:10","5:11","47","47","0.96","9.6","9.4","252","49.4% vänster/50.6% höger","0.0","--","--","--","10,582","26.0","Nej","01:03:28","1","32.0","32","15","44","01:03:21","01:03:28","13","37"
Löpning,2022-08-25 15:16:33,false,"Göteborg Löpning","0.61","32","00:06:37.6","85","102","0.1","105","127","10:56","10:02","4","2","0.87","--","--","--","--","0.0","--","--","--","738","30.0","Nej","00:06:37.6","1","32.0","--","--","--","00:06:22","00:06:37.6","11","15"
Löpning,2022-08-24 18:00:11,false,"Kungälv Löpning","7.40","468","00:47:14","149","157","3.1","165","175","6:23","5:18","34","36","0.95","9.8","9.4","257","49.4% vänster/50.6% höger","0.0","--","--","--","7,752","28.0","Nej","00:47:14","1","32.0","31","19","41","00:47:13","00:47:14","20","36"
Löpning,2022-08-22 17:57:51,false,"Kungälv Löpning","12.11","718","01:12:23","145","172","3.7","165","212","5:59","4:15","58","61","1.01","9.1","9.4","252","49.6% vänster/50.4% höger","0.0","--","--","--","11,830","22.0","Nej","00:03:01.1","8","26.0","33","14","44","01:10:42","01:12:23","7","35"
Löpning,2022-08-17 18:33:57,false,"Kungälv Löpning","10.06","626","00:55:49","164","180","4.0","160","197","5:33","3:43","58","52","1.11","7.5","8.7","228","50.0% vänster/50.0% höger","0.0","--","--","--","8,766","25.0","Nej","00:01:03.6","15","27.0","38","22","46","00:53:24","00:59:50","19","27"
Löpning,2022-08-15 18:02:14,false,"Löpning","6.00","382","00:38:38","147","170","3.1","155","178","6:26","5:06","5","2","1.02","10.4","10.5","238","49.5% vänster/50.5% höger","0.0","--","--","--","5,940","26.0","Nej","00:38:38","1","29.0","33","19","49","00:35:46","00:38:38","43","48"
Annan,2022-08-13 13:37:24,false,"Kungälv Navigera","13.02","842","01:21:05","154","168","3.9","--","--","9.6","12.1","91","113","--","--","--","--","--","0.0","--","--","--","--","29.0","Nej","01:21:05","1","34.0","35","18","43","01:20:11","01:21:17","5","49"
Löpning,2022-08-12 19:39:14,false,"Kungälv Löpning","7.56","460","00:45:32","145","158","3.1","166","176","6:02","5:19","56","40","1.00","9.4","9.6","249","49.5% vänster/50.5% höger","0.0","--","--","--","7,566","25.0","Nej","00:45:32","1","32.0","31","17","42","00:45:32","00:45:32","11","30"
Löpning,2022-08-10 19:22:23,false,"Kungälv Löpning","0.13","25","00:03:15.1","127","150","0.8","62","172","24:41","7:14","--","--","0.79","9.5","6.5","349","47.7% vänster/52.3% höger","0.0","--","--","--","168","27.0","Nej","00:03:15.1","1","29.0","29","23","35","00:01:06","00:06:06.0","18","19"
Löpning,2022-08-10 18:30:52,false,"Kungälv Löpning","8.05","515","00:50:10","162","186","3.8","146","209","6:14","3:02","57","55","1.06","6.3","6.7","261","50.5% vänster/49.5% höger","0.0","--","--","--","7,094","26.0","Nej","00:00:16.4","44","31.0","37","18","46","00:48:31","00:50:10","19","26"
Löpning,2022-08-10 18:08:00,false,"Kungälv Löpning","1.78","147","00:14:30","146","169","2.3","142","256","8:08","2:57","15","15","0.88","9.6","8.4","308","50.6% vänster/49.4% höger","0.0","--","--","--","1,946","28.0","Nej","00:14:30","1","31.0","31","22","39","00:12:01","00:14:30","17","21"
Löpning,2022-08-08 18:45:00,false,"Kungälv Löpning","5.02","283","00:27:08","167","185","3.2","167","205","5:24","3:25","65","61","1.01","8.7","8.5","234","49.6% vänster/50.4% höger","0.0","--","--","--","4,464","20.0","Nej","00:00:44","15","25.0","37","23","46","00:27:06","00:31:09","30","70"
Löpning,2022-08-08 18:15:20,false,"Kungälv Löpning","4.12","247","00:28:41","146","161","2.2","164","227","6:57","5:00","62","62","0.82","10.8","8.6","260","49.6% vänster/50.4% höger","0.0","--","--","--","4,616","22.0","Nej","00:28:41","1","30.0","29","19","38","00:28:04","00:28:41","29","70"
Löpning,2022-08-05 19:03:44,false,"Kungälv Löpning","6.46","420","00:35:17","167","187","4.1","164","218","5:28","4:00","64","64","1.12","8.2","9.2","226","49.7% vänster/50.3% höger","0.0","--","--","--","5,650","21.0","Nej","00:01:59.4","5","28.0","39","18","50","00:33:03","00:35:17","10","20"
Löpning,2022-08-03 12:18:26,false,"Kungälv Löpning","8.38","545","00:51:12","158","185","4.1","157","244","6:06","3:14","66","70","1.04","8.1","8.3","244","49.6% vänster/50.4% höger","0.0","--","--","--","7,792","23.0","Nej","00:00:45.0","20","28.0","36","21","54","00:48:30","00:51:12","13","23"
Löpning,2022-08-01 19:36:49,false,"Kungälv Löpning","12.12","673","01:14:43","140","163","3.2","166","211","6:10","4:31","132","112","0.95","9.6","9.2","257","49.4% vänster/50.6% höger","0.0","--","--","--","12,350","20.0","Nej","01:14:43","1","30.0","28","14","41","01:14:42","01:16:49","6","56"
Löpning,2022-07-29 18:18:36,false,"Gislaved Löpning","13.08","784","01:22:01","155","173","3.5","162","220","6:16","4:05","303","301","0.94","9.7","9.2","268","49.3% vänster/50.7% höger","0.0","--","--","--","13,160","23.0","Nej","01:22:01","1","26.0","35","14","43","01:21:39","01:22:28","176","273"
Annan,2022-07-26 16:56:42,false,"Göteborg Navigera","9.89","700","01:17:12","150","167","3.6","--","--","7.7","10.7","196","196","--","--","--","--","--","0.0","--","--","--","--","21.0","Nej","01:17:12","1","25.0","32","22","42","01:15:49","01:17:12","74","106"
Annan,2022-07-26 15:16:38,false,"Göteborg Navigera","7.51","569","00:53:20","156","173","3.6","--","--","8.4","11.8","174","175","--","--","--","--","--","0.0","--","--","--","--","22.0","Nej","00:53:20","1","25.0","34","24","42","00:52:56","00:53:20","21","112"
Annan,2022-07-26 13:30:28,false,"Göteborg Navigera","10.02","687","01:01:13","161","170","4.2","--","--","9.8","15.1","54","51","--","--","--","--","--","0.0","--","--","--","--","21.0","Nej","01:01:13","1","26.0","36","19","42","01:00:46","01:01:13","6","23"
Annan,2022-07-26 11:25:52,false,"Göteborg Navigera","9.05","609","00:53:38","163","174","4.3","--","--","10.1","14.1","102","110","--","--","--","--","--","0.0","--","--","--","--","19.0","Nej","00:53:38","1","25.0","36","24","43","00:52:50","00:54:29","5","43"
Annan,2022-07-26 09:53:19,false,"Göteborg Navigera","8.50","548","00:48:47","160","172","4.0","--","--","10.5","11.8","65","64","--","--","--","--","--","0.0","--","--","--","--","20.0","Nej","00:00:01.6","2","26.0","37","21","43","00:48:36","00:49:45","2","22"
Annan,2022-07-23 16:22:27,false,"Karlstad Navigera","10.91","657","01:06:16","150","161","3.5","--","--","9.9","13.4","21","26","--","--","--","--","--","0.0","--","--","--","--","24.0","Nej","01:06:16","1","29.0","28","17","40","01:04:08","01:06:16","48","58"
Löpning,2022-07-21 21:12:47,false,"Kungälv Löpning","7.00","427","00:39:54","149","163","3.5","166","174","5:42","4:50","29","31","1.06","9.4","10.1","238","49.6% vänster/50.4% höger","0.0","--","--","--","6,614","24.0","Nej","00:39:54","1","31.0","36","18","43","00:39:53","00:39:54","18","32"
Löpning,2022-07-19 08:32:04,false,"Kungälv Löpning","6.45","391","00:39:53","141","156","3.0","167","173","6:11","5:25","29","37","0.97","10.1","9.9","244","49.7% vänster/50.3% höger","0.0","--","--","--","6,644","24.0","Nej","00:39:53","1","31.0","30","14","39","00:39:50","00:39:53","17","30"
Annan,2022-07-17 17:44:01,false,"Kungälv Navigera","18.00","986","01:49:42","147","162","3.7","--","--","9.8","14.3","138","139","--","--","--","--","--","0.0","--","--","--","--","21.0","Nej","01:49:42","1","28.0","33","17","43","01:48:10","01:49:42","2","50"
Löpning,2022-07-15 13:24:13,false,"Kungälv Löpning","8.12","511","00:48:56","152","164","3.6","167","180","6:01","5:20","65","51","1.00","9.6","9.7","248","49.6% vänster/50.4% höger","0.0","--","--","--","8,112","25.0","Nej","00:48:56","1","29.0","36","14","43","00:48:47","00:48:56","10","28"
Löpning,2022-07-13 18:27:50,false,"Kungälv Löpning","8.84","551","00:57:56","152","187","3.8","149","256","6:33","3:17","96","93","0.98","7.4","7.5","269","50.3% vänster/49.7% höger","0.0","--","--","--","8,472","23.0","Nej","00:01:00.0","17","29.0","36","18","50","00:54:55","00:57:56","19","30"
Löpning,2022-07-13 18:08:44,false,"Kungälv Löpning","1.32","81","00:07:54.7","145","166","2.1","167","199","6:00","3:02","10","9","0.99","9.9","9.9","241","50.5% vänster/49.5% höger","0.0","--","--","--","1,282","26.0","Nej","00:07:54.7","1","31.0","33","19","43","00:07:54","00:10:25","18","26"
Löpning,2022-07-11 18:29:32,false,"Kungälv Löpning","10.00","540","01:02:03","152","181","3.3","165","256","6:12","3:41","111","148","0.93","9.5","8.9","255","49.6% vänster/50.4% höger","0.0","--","--","--","10,150","22.0","Nej","00:03:00.0","7","28.0","32","18","45","01:00:43","01:02:27","7","70"
Löpning,2022-07-11 18:16:06,false,"Kungälv Löpning","1.83","110","00:12:04","145","162","2.0","170","236","6:35","5:22","29","38","0.83","11.2","9.4","247","50.0% vänster/50.0% höger","0.0","--","--","--","2,038","24.0","Nej","00:12:04","1","29.0","33","19","39","00:12:02","00:12:04","36","67"
Annan,2022-07-09 20:29:26,false,"Kungälv Navigera","17.98","859","01:57:22","139","153","3.0","--","--","9.2","11.2","123","128","--","--","--","--","--","0.0","--","--","--","--","21.0","Nej","01:57:22","1","29.0","27","17","41","01:56:31","01:57:24","2","50"
Löpning,2022-07-07 14:00:28,false,"Kungälv Löpning","9.50","584","00:57:04","149","160","3.5","168","183","6:00","4:49","69","56","0.99","9.6","9.7","244","49.7% vänster/50.3% höger","0.0","--","--","--","9,562","23.0","Nej","00:57:04","1","34.0","35","18","46","00:56:57","00:57:04","8","28"
Löpning,2022-07-06 14:04:34,false,"Kungälv Löpning","9.50","601","00:55:56","157","168","3.9","167","179","5:53","5:02","78","64","1.02","9.3","9.6","246","49.3% vänster/50.7% höger","0.0","--","--","--","9,322","23.0","Nej","00:55:56","1","30.0","37","15","44","00:55:56","00:55:56","10","32"
Löpning,2022-07-04 17:51:09,false,"Kungälv Löpning","14.19","849","01:32:47","142","160","3.5","165","248","6:32","5:26","79","80","0.92","9.7","9.0","259","49.3% vänster/50.7% höger","0.0","--","--","--","15,260","17.0","Nej","01:32:47","1","28.0","31","12","41","01:32:06","01:32:47","11","33"
Löpning,2022-07-02 19:15:55,false,"Kungälv Löpning","12.35","744","01:13:59","150","161","3.7","165","178","5:59","5:12","73","75","1.01","9.6","9.9","247","49.7% vänster/50.3% höger","0.0","--","--","--","12,168","19.0","Nej","01:13:59","1","30.0","33","13","42","01:13:56","01:13:59","10","34"
Löpning,2022-06-29 18:29:26,false,"Kungälv Löpning","6.54","423","00:44:38","154","180","3.7","141","256","6:49","3:51","28","30","1.02","7.3","7.6","250","50.7% vänster/49.3% höger","0.0","--","--","--","6,078","26.0","Nej","00:01:30.0","17","33.0","33","21","45","00:38:18","00:44:38","18","25"
Löpning,2022-06-29 18:09:19,false,"Kungälv Löpning","1.18","69","00:06:52.4","142","155","2.0","168","180","5:49","5:00","2","1","1.01","9.4","9.4","234","50.0% vänster/50.0% höger","0.0","--","--","--","1,146","29.0","Nej","00:06:52.4","1","31.0","26","18","33","00:06:46","00:08:27.1","23","25"
Löpning,2022-06-27 17:45:23,false,"Kungälv Löpning","16.99","1,044","01:47:40","148","161","4.0","161","227","6:20","5:00","87","87","0.98","9.7","9.6","258","49.5% vänster/50.5% höger","0.0","--","--","--","17,262","25.0","Nej","01:47:40","1","32.0","33","13","46","01:46:24","02:04:53","9","41"
Löpning,2022-06-25 19:56:34,false,"Kungälv Löpning","6.92","422","00:39:00","160","181","3.7","167","186","5:38","3:47","32","31","1.06","9.0","9.7","243","49.2% vänster/50.8% höger","0.0","--","--","--","6,488","26.0","Nej","00:39:00","1","33.0","35","15","43","00:38:59","00:39:00","19","34"
Löpning,2022-06-22 12:12:51,false,"Kungälv Löpning","9.00","560","00:54:14","156","183","4.3","160","256","6:01","3:29","36","37","1.04","8.6","8.6","253","49.8% vänster/50.2% höger","0.0","--","--","--","8,434","20.0","Nej","00:00:14.9","21","27.0","37","25","52","00:51:28","00:54:14","25","36"
Löpning,2022-06-20 18:00:49,false,"Kungälv Löpning","10.70","657","01:04:42","151","168","4.2","166","184","6:03","4:38","56","57","0.99","9.0","9.1","251","49.7% vänster/50.3% höger","0.0","--","--","--","10,656","22.0","Nej","00:00:02.6","9","27.0","31","15","44","01:04:13","01:04:42","12","35"
Löpning,2022-06-19 11:05:02,false,"Kungälv Löpning","6.88","431","00:40:33","157","168","3.7","171","187","5:53","4:59","34","36","0.99","9.0","9.1","245","49.4% vänster/50.6% höger","0.0","--","--","--","6,918","23.0","Nej","00:40:33","1","31.0","36","13","44","00:40:32","00:40:33","18","32"
Löpning,2022-06-15 18:17:24,false,"Kungälv Löpning","12.67","797","01:28:24","154","184","4.1","150","256","6:59","4:06","280","275","0.93","9.5","8.9","262","48.5% vänster/51.5% höger","0.0","--","--","--","13,092","21.0","Nej","00:01:25.2","20","27.0","35","17","49","01:21:14","01:28:24","10","68"
Löpning,2022-06-13 18:15:29,false,"Kungälv Löpning","11.34","648","01:04:58","164","184","4.2","168","218","5:44","4:12","122","119","0.97","9.7","9.4","249","49.2% vänster/50.8% höger","0.0","--","--","--","10,828","19.0","Nej","00:04:03.4","12","29.0","38","19","47","01:04:47","01:04:58","52","73"
Löpning,2022-06-11 13:21:58,false,"Kungälv Löpning","0.00","--","00:00:06.8","148","149","0.0","93","197","44:41","19:38","--","--","0.78","5.6","2.0","304","40.7% vänster/59.3% höger","0.0","--","--","--","8","28.0","Nej","00:00:06.8","1","28.0","26","26","26","00:00:03","00:00:06.8","4","4"
Löpning,2022-06-11 12:29:56,false,"Kungälvs Stadslopp","10.00","595","00:49:55","180","191","5.0","171","190","5:00","4:00","48","47","1.12","8.1","9.3","239","49.6% vänster/50.4% höger","0.0","--","--","--","8,506","23.0","Nej","00:03:27.6","10","29.0","39","25","48","00:49:55","00:49:55","4","17"
Löpning,2022-06-08 18:00:46,false,"Kungälv Löpning","7.72","468","00:47:34","156","182","3.9","161","188","6:10","3:39","115","117","1.00","9.1","9.0","259","49.4% vänster/50.6% höger","0.0","--","--","--","7,526","18.0","Nej","00:00:04.4","15","24.0","35","18","45","00:47:23","00:47:34","24","51"
Löpning,2022-06-07 18:11:51,false,"Kungälv Löpning","9.21","580","00:55:44","156","169","4.1","162","170","6:03","5:07","45","42","1.02","9.9","10.3","254","49.4% vänster/50.6% höger","0.0","--","--","--","8,950","20.0","Nej","00:01:09.6","10","28.0","38","16","42","00:55:37","00:55:44","18","33"
Löpning,2022-06-05 15:24:34,false,"Kungälv Löpning","9.58","576","01:00:28","149","166","3.6","160","176","6:19","5:28","58","58","0.98","10.0","9.9","264","49.2% vänster/50.8% höger","0.0","--","--","--","9,558","24.0","Nej","00:03:23.4","10","31.0","34","17","43","01:00:07","01:03:32","20","36"
Löpning,2022-06-03 15:26:47,false,"Kungälv Löpning","7.16","453","00:42:07","165","177","4.0","163","171","5:53","5:14","39","43","1.04","9.5","10.1","253","49.3% vänster/50.7% höger","0.0","--","--","--","6,816","22.0","Nej","00:00:50.2","8","29.0","38","19","44","00:42:07","00:42:07","18","31"
Löpning,2022-06-01 15:56:17,false,"Kungälv Löpning","3.00","164","00:15:45","153","181","3.0","166","183","5:15","4:16","12","11","1.14","8.8","10.1","234","49.8% vänster/50.2% höger","0.0","--","--","--","2,590","21.0","Nej","00:04:48.5","3","29.0","33","17","44","00:15:32","00:15:45","22","32"
Löpning,2022-05-31 17:52:04,false,"Kungälv Löpning","3.20","195","00:19:01","147","169","3.0","164","172","5:57","5:08","15","16","1.02","10.0","10.3","244","49.7% vänster/50.3% höger","0.0","--","--","--","3,102","23.0","Nej","00:01:02.5","4","29.0","35","20","42","00:19:00","00:19:01","21","31"
Annan,2022-05-14 15:07:36,false,"Kungälv Navigera","18.00","1,250","01:57:22","161","175","5.0","--","--","9.2","11.1","171","176","--","--","--","--","--","0.0","--","--","--","--","18.0","Nej","01:57:22","1","32.0","36","20","44","01:54:46","01:57:22","-2","49"
Löpning,2022-05-13 17:08:58,false,"Kungälv Löpning","10.28","663","00:58:26","171","190","5.0","162","179","5:41","4:12","54","58","1.06","9.1","9.8","241","49.0% vänster/51.0% höger","0.0","--","--","--","9,438","18.0","Nej","00:01:00.0","9","28.0","40","22","49","00:57:58","00:58:26","10","36"
Löpning,2022-05-07 17:34:54,false,"Kungälv Löpning","6.50","404","00:39:53","154","170","3.2","162","211","6:08","5:23","33","35","0.99","9.9","10.0","259","49.5% vänster/50.5% höger","0.0","--","--","--","6,394","20.0","Nej","00:03:01.8","7","31.0","35","26","41","00:39:46","00:39:53","19","31"
Annan,2022-04-03 09:16:17,false,"Vättlefjällsleden","22.55","1,410","02:46:46","153","174","4.1","--","--","8.1","14.7","493","488","--","--","--","--","--","0.0","--","--","--","--","15.0","Nej","02:46:46","1","25.0","35","13","49","02:39:12","02:51:41","64","148"
Löpning,2022-03-30 18:15:37,false,"Kungälv Löpning","8.06","498","01:00:00","148","185","3.2","150","233","7:26","3:24","266","255","0.83","11.4","9.1","277","49.0% vänster/51.0% höger","0.0","--","--","--","8,760","13.0","Nej","00:00:13.8","27","23.0","34","18","46","00:55:54","01:02:09","34","69"
Löpning,2022-03-28 17:28:07,false,"Kungälv Löpning","10.29","613","00:57:08","155","172","4.2","166","191","5:33","3:59","55","59","1.07","9.0","9.7","234","49.1% vänster/50.9% höger","0.0","--","--","--","9,440","18.0","Nej","00:01:00.0","8","28.0","37","18","47","00:57:05","00:57:08","8","37"
Löpning,2022-03-27 12:58:09,false,"Kungälv Löpning","6.71","390","00:49:38","127","149","2.3","164","182","7:24","5:20","37","35","0.82","11.2","9.3","270","48.7% vänster/51.3% höger","0.0","--","--","--","8,092","18.0","Nej","00:04:38.7","7","28.0","31","19","39","00:49:38","00:49:38","18","34"
Löpning,2022-03-21 17:32:29,false,"Kungälv Löpning","10.01","619","00:58:26","158","181","3.7","166","174","5:50","4:44","44","47","1.03","--","--","--","--","0.0","--","--","--","9,686","17.0","Nej","00:05:30.2","10","26.0","--","--","--","00:58:25","00:58:47","2","23"
Löpning,2022-03-19 08:35:10,false,"Kungälv Löpning","21.11","1,247","02:06:24","148","162","4.1","167","176","5:59","5:13","126","123","1.00","9.3","9.5","250","49.1% vänster/50.9% höger","0.0","--","--","--","21,008","13.0","Nej","00:00:25.6","22","27.0","32","17","44","02:06:21","02:08:34","3","40"
Löpning,2022-03-14 16:16:02,false,"Kungälv Löpning","10.26","602","01:00:27","146","160","3.3","165","176","5:54","5:03","44","48","1.02","9.9","10.3","243","49.0% vänster/51.0% höger","0.0","--","--","--","9,924","18.0","Nej","00:01:17.4","11","27.0","27","17","38","01:00:27","01:00:27","9","35"
Löpning,2022-03-12 08:32:23,false,"Kungälv Löpning","20.00","1,143","02:02:01","141","155","3.7","167","192","6:06","5:23","135","136","0.98","9.5","9.5","250","49.0% vänster/51.0% höger","0.0","--","--","--","20,282","14.0","Nej","00:05:46.9","20","26.0","26","14","42","02:01:59","02:03:38","3","41"
Löpning,2022-03-11 15:36:20,false,"Kungälv Löpning","10.24","614","00:58:00","155","167","3.7","167","179","5:40","4:45","50","50","1.05","9.6","10.2","237","49.1% vänster/50.9% höger","0.0","--","--","--","9,636","16.0","Nej","00:01:11.2","11","29.0","34","15","42","00:57:59","00:59:18","13","39"
