Aktivitetstyp,Datum,Favorit,Namn,Distans,Kalorier,Tid,Medelpuls,Maxpuls,Aerobisk Training Effect,Medellöpkadens,Maximal löpkadens,Medeltempo,Bästa tempo,Total stigning,Totalt nedför,Medelsteglängd,Medelvärde för vertikal kvot,Medelvärde för vertikal rörelse,Medeltid för markkontakt,Medelkontakttidsbalans,Training Stress Score®,Steg,Minsta temperatur,Dekompression,Bästa varvtid,Antal varv,Maximal temperatur,Genomsnittlig andning,Minsta andningshastighet,Maximal andningshastighet,Färdtid,Total tid,Min. höjd,Max. höjd
Löpning,2026-03-18 18:04:11,false,"Kungälv Löpning","11.15","826","01:06:48","126","158","3.2","140","245","5:59","3:31","248","247","1.20","--","--","--","--","0.0","9,408","16.0","Nej","00:00:10.6","31","28.0","--","--","--","01:00:20","01:06:48","6","57"
Löpning,2026-03-16 19:02:14,false,"Kungälv - 60 min löppning","11.26","847","00:55:14","140","174","3.8","161","177","4:54","3:40","93","96","1.26","--","--","--","--","0.0","8,898","13.0","Nej","00:02:00","13","26.0","--","--","--","00:55:08","00:55:14","20","87"
Löpning,2026-03-16 12:04:10,false,"Kungälv - Bas","7.54","567","00:36:09","139","163","3.5","158","170","4:48","3:55","66","65","1.32","--","--","--","--","0.0","5,716","9.0","Nej","00:00:41.0","9","28.0","--","--","--","00:35:19","00:36:09","5","37"
Löpning,2026-03-14 12:41:04,false,"Kungälv Löpning","20.76","1,573","01:45:22","147","171","4.7","155","177","5:05","4:00","191","190","1.27","--","--","--","--","0.0","16,354","16.0","Nej","00:04:21.7","21","28.0","--","--","--","01:44:18","01:45:22","20","62"
Löpning,2026-03-12 12:05:17,false,"Kungälv - Bas","5.58","411","00:27:19","138","148","3.1","162","169","4:54","3:53","58","52","1.26","--","--","--","--","0.0","4,420","15.0","Nej","00:02:50.7","6","28.0","--","--","--","00:27:16","00:27:19","6","37"
Löpning,2026-03-11 18:16:44,false,"Kungälv Löpning","8.55","658","00:50:40","133","178","3.4","142","178","5:55","3:31","80","85","1.16","--","--","--","--","0.0","7,402","12.0","Nej","00:00:13.0","12","22.0","--","--","--","00:46:43","00:50:40","36","70"
Löpning,2026-03-09 16:27:14,false,"Kungälv - Tröskel 3 x 8 min","9.32","695","00:42:04","154","170","4.1","163","182","4:31","3:35","66","66","1.36","--","--","--","--","0.0","6,804","17.0","Nej","00:00:45.9","12","29.0","--","--","--","00:41:48","00:42:04","20","60"
Löpning,2026-03-09 12:04:01,false,"Kungälv - Bas","5.58","431","00:27:46","144","156","3.3","160","172","4:59","3:54","45","49","1.26","--","--","--","--","0.0","4,432","19.0","Nej","00:02:52.6","6","29.0","--","--","--","00:27:46","00:27:46","8","38"
Löpning,2026-02-28 08:36:13,false,"Kungälv Löpning","19.70","1,517","02:00:49","125","159","3.7","152","167","6:08","4:39","196","191","1.07","--","--","--","--","0.0","18,552","12.0","Nej","00:04:12.0","20","30.0","--","--","--","01:57:01","02:00:49","6","87"
Löpning,2026-02-25 18:07:26,false,"Kungälv Löpning","13.33","1,029","01:10:57","139","176","4.4","137","178","5:19","3:05","95","87","1.37","--","--","--","--","0.0","10,016","8.0","Nej","00:01:00.2","21","28.0","--","--","--","01:03:18","01:10:57","4","48"
Löpning,2026-02-23 18:06:12,false,"Kungälv Löpning","14.60","1,155","01:23:51","140","168","4.5","138","173","5:45","3:50","125","127","1.22","--","--","--","--","0.0","11,732","10.0","Nej","00:00:59.2","18","28.0","--","--","--","01:16:10","01:23:51","5","42"
Löpning,2026-02-16 12:07:07,false,"Kungälv - Bas","9.73","704","00:45:03","141","153","3.7","163","177","4:38","3:53","83","83","1.32","--","--","--","--","0.0","7,362","8.0","Nej","00:00:04.1","11","23.0","--","--","--","00:44:48","00:45:03","18","59"
Löpning,2026-02-14 08:33:20,false,"Kungälv Löpning","18.68","1,436","01:52:17","121","150","3.9","151","170","6:01","4:07","153","154","1.10","--","--","--","--","0.0","17,126","15.0","Nej","00:04:39.1","19","29.0","--","--","--","01:46:13","01:52:17","6","58"
Löpning,2026-02-11 16:40:44,false,"Kungälv - 60 min löppning","12.04","921","00:59:52","142","176","4.3","159","184","4:58","3:23","134","132","1.26","--","--","--","--","0.0","9,544","7.0","Nej","00:02:00","14","26.0","--","--","--","00:59:22","01:00:00","17","85"
Löpning,2026-02-09 18:01:56,false,"Kungälv Löpning","9.21","689","00:48:17","135","163","3.7","151","198","5:15","3:57","67","64","1.26","--","--","--","--","0.0","7,374","10.0","Nej","00:00:41.5","11","26.0","--","--","--","00:45:40","00:48:18","4","43"
Löpning,2026-02-09 12:04:37,false,"Kungälv - Bas","7.68","582","00:40:32","137","153","3.3","155","222","5:17","3:59","63","65","1.23","--","--","--","--","0.0","6,308","18.0","Nej","00:03:31.3","8","28.0","--","--","--","00:38:43","00:40:32","8","38"
Löpning,2026-01-31 08:32:05,false,"Kungälv Löpning","24.89","1,956","02:32:49","116","154","4.2","153","172","6:08","4:26","252","256","1.07","--","--","--","--","0.0","23,516","11.0","Nej","00:05:00.0","25","29.0","--","--","--","02:26:05","02:32:49","2","42"
Löpning,2026-01-30 12:04:18,false,"Kungälv Annan","7.68","--","00:36:35","--","--","--","--","--","4:46","0:55","76","77","--","--","--","--","--","0.0","--","--","Nej","00:36:35","1","--","--","--","--","00:36:33","00:36:35","9","36"
Löpning,2026-01-29 12:01:06,false,"Kungälv Annan","7.72","--","00:37:50","--","--","--","--","--","4:54","1:19","67","67","--","--","--","--","--","0.0","--","--","Nej","00:37:50","1","--","--","--","--","00:37:22","00:37:50","9","36"
Löpning,2026-01-28 18:12:55,false,"Kungälv Annan","9.58","--","00:58:13","--","--","--","--","--","6:05","0:37","57","60","--","--","--","--","--","0.0","--","--","Nej","00:58:13","1","--","--","--","--","00:54:22","00:58:13","56","66"
Löpning,2026-01-27 12:03:25,false,"Kungälv Annan","7.69","--","00:37:30","--","--","--","--","--","4:53","0:39","73","74","--","--","--","--","--","0.0","--","--","Nej","00:37:30","1","--","--","--","--","00:37:23","00:37:30","9","36"
Löpning,2026-01-26 18:35:26,false,"Kungälv Annan","13.14","--","01:01:05","--","--","--","--","--","4:39","0:17","114","114","--","--","--","--","--","0.0","--","--","Nej","01:01:05","1","--","--","--","--","00:59:53","01:01:05","5","43"
Löpning,2026-01-24 08:24:23,false,"Kungälv Annan","23.01","--","02:27:58","--","--","--","--","--","6:26","0:36","265","264","--","--","--","--","--","0.0","--","--","Nej","02:27:58","1","--","--","--","--","02:21:31","02:27:58","5","90"
Löpning,2026-01-23 12:02:43,false,"Kungälv Annan","7.72","--","00:38:38","--","--","--","--","--","5:00","0:26","70","71","--","--","--","--","--","0.0","--","--","Nej","00:38:38","1","--","--","--","--","00:38:16","00:38:38","9","36"
Löpning,2026-01-22 12:00:36,false,"Kungälv Annan","7.63","--","00:38:47","--","--","--","--","--","5:05","0:31","72","72","--","--","--","--","--","0.0","--","--","Nej","00:38:47","1","--","--","--","--","00:38:24","00:38:47","9","36"
Löpning,2026-01-21 18:05:15,false,"Kungälv Annan","15.71","--","01:34:50","--","--","--","--","--","6:02","0:12","324","324","--","--","--","--","--","0.0","--","--","Nej","01:34:50","1","--","--","--","--","01:28:21","01:34:50","5","58"
Löpning,2026-01-21 12:01:04,false,"Kungälv Annan","7.71","--","00:37:14","--","--","--","--","--","4:50","0:35","72","73","--","--","--","--","--","0.0","--","--","Nej","00:37:14","1","--","--","--","--","00:37:07","00:37:14","9","36"
Löpning,2026-01-20 11:58:49,false,"Kungälv Annan","7.73","--","00:37:25","--","--","--","--","--","4:50","0:31","70","70","--","--","--","--","--","0.0","--","--","Nej","00:37:25","1","--","--","--","--","00:37:21","00:37:25","9","36"
Löpning,2026-01-18 12:46:38,false,"Kungälv Annan","24.32","--","02:04:58","--","--","--","--","--","5:08","0:34","245","246","--","--","--","--","--","0.0","--","--","Nej","02:04:58","1","--","--","--","--","02:02:07","02:04:58","1","87"
Löpning,2026-01-16 16:28:59,false,"Kungälv Löpning","10.31","814","00:55:00","131","152","3.3","156","177","5:20","4:12","91","106","1.20","--","--","--","--","0.0","8,726","12.0","Nej","00:01:35.0","11","26.0","--","--","--","00:54:41","00:55:00","-29","10"
Löpning,2026-01-14 18:02:56,false,"Kungälv Löpning","13.38","1,110","01:21:05","128","149","3.3","150","184","6:04","4:54","80","88","1.10","--","--","--","--","0.0","12,390","12.0","Nej","00:02:21.7","14","29.0","--","--","--","01:16:11","01:21:05","-13","30"
Löpning,2026-01-14 12:01:24,false,"Kungälv Löpning","5.63","478","00:28:10","152","167","3.6","159","169","5:00","3:53","51","58","1.26","--","--","--","--","0.0","4,506","13.0","Nej","00:02:51.9","6","31.0","--","--","--","00:28:02","00:28:10","-2","39"
Löpning,2026-01-12 18:03:53,false,"Kungälv Löpning","11.96","895","01:13:04","116","150","2.8","150","168","6:07","4:12","97","109","1.09","--","--","--","--","0.0","11,022","14.0","Nej","00:04:46.6","12","28.0","--","--","--","01:09:54","01:13:04","-10","42"
Löpning,2026-01-12 12:00:59,false,"Kungälv Löpning","7.24","571","00:35:48","140","153","3.4","162","184","4:57","3:32","65","58","1.25","--","--","--","--","0.0","5,830","6.0","Nej","00:01:07.9","8","30.0","--","--","--","00:35:08","00:35:48","-2","43"
Löpning,2026-01-09 12:01:08,false,"Kungälv Löpning","5.58","447","00:27:14","155","170","3.2","164","174","4:53","4:12","46","36","1.25","--","--","--","--","0.0","4,506","6.0","Nej","00:02:51.0","6","30.0","--","--","--","00:26:37","00:27:14","-7","30"
Löpning,2026-01-07 18:04:34,false,"Kungälv Löpning","14.08","1,111","01:25:15","120","144","3.1","152","171","6:03","4:09","274","282","1.08","--","--","--","--","0.0","13,106","6.0","Nej","00:00:27.6","15","30.0","--","--","--","01:21:08","01:25:15","-6","63"
Löpning,2026-01-07 11:59:56,false,"Kungälv - Bas","5.75","454","00:29:14","140","152","3.0","162","174","5:05","3:58","40","56","1.22","--","--","--","--","0.0","4,784","10.0","Nej","00:03:56.1","6","28.0","--","--","--","00:28:52","00:29:14","11","50"
Löpning,2026-01-06 13:05:10,false,"Kungälv - Bas","10.33","801","00:51:54","138","152","3.4","161","187","5:01","3:59","101","95","1.24","--","--","--","--","0.0","8,370","8.0","Nej","00:02:08.1","11","28.0","--","--","--","00:50:49","00:51:54","8","45"
Löpning,2026-01-05 12:23:23,false,"Kungälv - Bas","9.41","751","00:49:54","138","153","3.3","161","226","5:18","4:22","166","132","1.17","--","--","--","--","0.0","8,052","7.0","Nej","00:00:37.4","11","27.0","--","--","--","00:49:32","00:49:54","6","77"
Löpning,2026-01-02 12:06:17,false,"Kungälv Löpning","8.16","620","00:43:17","128","151","2.9","158","241","5:18","3:40","97","70","1.20","--","--","--","--","0.0","6,910","5.0","Nej","00:00:51.4","9","24.0","--","--","--","00:42:05","00:50:28","-10","43"
Löpning,2026-01-01 18:35:54,false,"Kungälv Löpning","10.92","834","00:58:42","135","155","3.1","161","177","5:23","4:23","227","222","1.16","--","--","--","--","0.0","9,400","8.0","Nej","00:04:55.2","11","28.0","--","--","--","00:58:38","00:58:42","37","83"
Löpning,2025-12-30 14:10:35,false,"Kungälv - Bas","8.33","611","00:43:40","129","153","2.8","162","185","5:14","4:02","131","126","1.18","--","--","--","--","0.0","7,090","9.0","Nej","00:01:50.5","9","29.0","--","--","--","00:43:23","00:43:40","11","93"
Löpning,2025-12-29 18:05:49,false,"Kungälv - Musses intervall","11.38","889","01:05:05","127","166","3.4","141","188","5:43","3:15","93","76","1.20","--","--","--","--","0.0","9,388","8.0","Nej","00:01:00","26","28.0","--","--","--","00:59:03","01:05:05","2","44"
Löpning,2025-12-29 08:48:46,false,"Kungälv Löpning","7.25","544","00:37:52","131","151","2.9","162","196","5:13","4:31","71","199","1.18","--","--","--","--","0.0","6,160","7.0","Nej","00:01:22.9","8","29.0","--","--","--","00:37:24","00:37:52","7","44"
Löpning,2025-12-27 13:49:43,false,"Kungälv - Tempo","12.30","927","00:57:26","146","162","4.0","165","187","4:40","3:39","140","155","1.30","--","--","--","--","0.0","9,490","13.0","Nej","00:02:38.2","13","30.0","--","--","--","00:57:07","00:57:26","8","92"
Löpning,2025-12-25 15:48:02,false,"Kungälv Löpning","10.72","786","00:57:48","122","141","3.0","161","188","5:24","4:00","96","93","1.15","--","--","--","--","0.0","9,302","11.0","Nej","00:04:04.4","11","28.0","--","--","--","00:57:32","00:57:48","11","45"
Löpning,2025-12-24 08:01:01,false,"Kungälv Löpning","13.34","1,031","01:24:17","112","138","2.9","150","168","6:19","5:16","99","95","1.04","--","--","--","--","0.0","12,912","6.0","Nej","00:01:58.6","14","29.0","--","--","--","01:20:25","01:33:31","0","44"
Löpning,2025-12-23 13:26:11,false,"Kungälv - Intervall 8 x 3 min","11.38","830","00:56:30","140","169","3.7","147","182","4:58","2:40","64","64","1.33","--","--","--","--","0.0","8,522","10.0","Nej","00:01:00","20","27.0","--","--","--","00:55:29","00:59:21","9","41"
Löpning,2025-12-22 15:20:10,false,"Kungälv - Tröskel 3 x 8 min","12.04","900","01:00:56","138","167","3.8","156","179","5:04","3:47","87","118","1.26","--","--","--","--","0.0","9,526","8.0","Nej","00:00:07.6","15","27.0","--","--","--","00:58:37","01:00:56","-5","42"
Löpning,2025-12-20 13:01:24,false,"Kungälv Löpning","23.92","1,766","02:00:23","136","164","4.2","161","170","5:02","4:04","219","219","1.23","--","--","--","--","0.0","19,428","14.0","Nej","00:04:30.6","24","25.0","--","--","--","01:59:55","02:00:25","-4","80"
Löpning,2025-12-17 16:58:57,false,"Kungälv - Intervall 8 x 3 min","11.48","827","00:59:19","133","168","3.9","139","190","5:10","3:12","36","56","1.37","--","--","--","--","0.0","8,636","11.0","Nej","00:00:01.4","22","27.0","--","--","--","00:55:25","00:59:19","15","42"
Löpning,2025-12-15 18:05:10,false,"Kungälv Löpning","13.99","1,003","01:15:40","134","165","4.0","149","250","5:25","0:56","115","130","1.22","--","--","--","--","0.0","11,398","14.0","Nej","00:03:18.6","15","28.0","--","--","--","01:10:04","01:15:40","-15","42"
Löpning,2025-12-15 12:01:35,false,"Kungälv Löpning","7.62","549","00:38:36","136","154","3.1","155","173","5:04","4:16","75","118","1.28","--","--","--","--","0.0","6,006","14.0","Nej","00:02:58.6","8","28.0","--","--","--","00:36:21","00:38:36","0","49"
Löpning,2025-12-13 07:59:58,false,"Kungälv Löpning","22.64","1,685","02:06:43","133","166","4.2","156","176","5:36","4:12","137","143","1.14","--","--","--","--","0.0","19,828","11.0","Nej","00:04:39.8","23","31.0","--","--","--","02:01:45","02:06:43","-2","43"
Löpning,2025-12-12 12:00:18,false,"Kungälv Löpning","7.59","543","00:37:27","137","147","3.1","162","176","4:56","3:43","81","66","1.25","--","--","--","--","0.0","6,086","16.0","Nej","00:02:56.7","8","29.0","--","--","--","00:37:15","00:37:27","5","47"
Löpning,2025-12-11 18:23:15,false,"Kungälv Löpning","11.72","870","01:07:45","127","173","3.6","132","186","5:47","3:12","95","86","1.27","--","--","--","--","0.0","9,170","15.0","Nej","00:00:28.9","35","30.0","--","--","--","00:57:53","01:07:45","12","41"
Löpning,2025-12-10 18:44:49,false,"Kungälv - Intervall 4 x 4 min","10.10","723","00:57:12","130","175","3.6","139","179","5:40","3:22","63","86","1.24","--","--","--","--","0.0","8,100","15.0","Nej","00:00:06.4","18","30.0","--","--","--","00:50:38","00:57:12","2","43"
Löpning,2025-12-09 12:02:28,false,"Kungälv Löpning","7.58","532","00:36:50","135","149","3.1","161","250","4:52","4:17","91","69","1.28","--","--","--","--","0.0","5,932","16.0","Nej","00:02:47.5","8","28.0","--","--","--","00:36:28","00:36:50","6","45"
Löpning,2025-12-07 13:13:42,false,"Kungälv Löpning","17.99","1,283","01:34:13","133","162","3.7","158","240","5:14","4:10","209","226","1.21","--","--","--","--","0.0","14,896","11.0","Nej","00:04:49.5","18","28.0","--","--","--","01:31:55","01:34:14","5","89"
Löpning,2025-12-05 12:03:03,false,"Kungälv Löpning","7.53","536","00:36:31","139","152","3.2","160","175","4:51","4:13","64","68","1.29","--","--","--","--","0.0","5,854","13.0","Nej","00:02:30.7","8","29.0","--","--","--","00:35:48","00:36:31","16","51"
Löpning,2025-12-03 16:26:04,false,"Kungälv Löpning","12.67","919","01:18:07","128","161","3.2","146","241","6:10","3:06","329","329","1.10","--","--","--","--","0.0","11,598","11.0","Nej","00:00:41.7","27","29.0","--","--","--","01:13:13","01:18:07","9","51"
Löpning,2025-12-03 12:03:29,false,"Kungälv - Bas","7.56","540","00:36:53","139","149","3.2","162","176","4:53","4:13","61","84","1.27","--","--","--","--","0.0","5,992","13.0","Nej","00:02:44.9","8","28.0","--","--","--","00:35:56","00:36:53","11","50"
Löpning,2025-12-01 18:43:37,false,"Kungälv - 60 min löppning","12.08","867","01:00:15","140","170","3.8","161","212","4:59","3:30","98","109","1.24","--","--","--","--","0.0","9,698","15.0","Nej","00:02:00","14","27.0","--","--","--","01:00:06","01:00:15","3","45"
Löpning,2025-12-01 12:00:01,false,"Kungälv Löpning","7.68","545","00:37:47","135","149","3.1","159","170","4:55","3:52","123","70","1.28","--","--","--","--","0.0","6,018","14.0","Nej","00:03:42.7","8","28.0","--","--","--","00:36:49","00:37:47","5","49"
Löpning,2025-11-27 12:01:05,false,"Kungälv - Bas","5.68","406","00:28:09","136","147","2.9","163","172","4:58","3:41","77","108","1.24","--","--","--","--","0.0","4,566","10.0","Nej","00:00:02.9","7","28.0","--","--","--","00:28:01","00:28:09","12","51"
Löpning,2025-11-26 18:02:02,false,"Kungälv Löpning","11.79","898","01:10:59","134","169","3.7","132","192","6:01","0:43","73","73","1.21","--","--","--","--","0.0","9,638","7.0","Nej","00:00:59.6","25","29.0","--","--","--","01:01:10","01:10:59","9","49"
Löpning,2025-11-26 12:01:58,false,"Kungälv - Bas","5.61","413","00:27:16","141","150","3.2","163","174","4:52","4:09","205","50","1.26","--","--","--","--","0.0","4,442","9.0","Nej","00:02:55.4","6","26.0","--","--","--","00:27:00","00:27:16","18","54"
Löpning,2025-11-24 19:20:02,false,"Kungälv - Tröskel 3x3km","12.94","959","01:01:24","151","175","4.6","162","174","4:45","3:50","138","135","1.29","--","--","--","--","0.0","9,984","6.0","Nej","00:00:01.0","17","27.0","--","--","--","01:00:53","01:01:24","7","98"
Löpning,2025-11-24 12:03:12,false,"Kungälv - Bas","7.59","552","00:36:48","142","158","3.5","161","169","4:51","4:10","67","70","1.28","--","--","--","--","0.0","5,954","10.0","Nej","00:00:47.8","9","25.0","--","--","--","00:36:24","00:36:48","14","54"
Löpning,2025-11-21 12:02:48,false,"Kungälv - Bas","5.65","396","00:27:56","134","146","3.0","165","187","4:56","3:49","112","57","1.22","--","--","--","--","0.0","4,620","14.0","Nej","00:03:12.4","6","28.0","--","--","--","00:27:53","00:27:56","3","43"
Löpning,2025-11-19 19:21:16,false,"Kungälv - Intervall 8 x 3 min","9.54","727","00:48:55","149","178","4.0","153","181","5:08","3:39","58","51","1.24","--","--","--","--","0.0","7,580","5.0","Nej","00:00:00.6","23","24.0","--","--","--","00:47:47","00:48:55","8","44"
Löpning,2025-11-19 11:57:11,false,"Kungälv - Bas","5.63","426","00:28:26","144","158","3.3","162","170","5:03","4:27","77","64","1.22","--","--","--","--","0.0","4,580","18.0","Nej","00:03:04.3","6","27.0","--","--","--","00:28:24","00:28:26","1","44"
Löpning,2025-11-17 18:15:45,false,"Kungälv - Tröskel 30min","10.99","832","00:59:47","144","181","4.8","144","172","5:26","3:29","84","92","1.24","--","--","--","--","0.0","8,860","7.0","Nej","00:00:58.6","13","22.0","--","--","--","00:55:31","00:59:47","44","77"
Löpning,2025-11-17 12:01:37,false,"Kungälv - Bas","5.60","408","00:27:39","141","156","3.3","160","168","4:56","4:05","75","53","1.27","--","--","--","--","0.0","4,422","11.0","Nej","00:02:50.1","6","27.0","--","--","--","00:27:33","00:27:39","15","53"
Löpning,2025-11-12 18:09:13,false,"Kungälv Löpning","14.69","1,114","01:34:54","126","164","3.8","137","207","6:28","3:12","279","319","1.12","--","--","--","--","0.0","13,202","16.0","Nej","00:00:22.4","23","28.0","--","--","--","01:25:21","01:34:54","7","67"
Löpning,2025-11-11 12:03:19,false,"Kungälv Löpning","5.62","413","00:26:26","151","167","3.6","162","174","4:42","3:53","56","52","1.31","--","--","--","--","0.0","4,270","17.0","Nej","00:02:52.0","6","28.0","--","--","--","00:26:21","00:26:26","13","49"
Löpning,2025-11-10 18:01:31,false,"Kungälv Löpning","14.14","1,081","01:26:04","136","171","4.6","132","171","6:05","3:33","134","130","1.20","--","--","--","--","0.0","11,590","17.0","Nej","00:03:34.5","15","27.0","--","--","--","01:11:02","01:26:04","-14","42"
Löpning,2025-11-08 09:02:32,false,"Kungälv Löpning","16.31","1,211","02:01:25","119","150","3.1","143","217","7:27","4:31","325","326","0.94","--","--","--","--","0.0","17,640","16.0","Nej","00:02:14.2","17","24.0","--","--","--","01:55:53","02:01:25","9","90"
Löpning,2025-11-06 18:11:21,false,"Kungälv Löpning","10.92","781","01:16:18","119","174","3.7","110","192","6:59","2:55","69","63","1.24","--","--","--","--","0.0","8,842","15.0","Nej","00:00:15.0","40","29.0","--","--","--","01:00:12","01:17:54","5","38"
Löpband,2025-11-05 17:42:33,false,"Intervall 4 x 4 min","10.43","683","01:01:15","132","166","3.3","141","180","5:52","4:06","--","--","1.17","--","--","--","--","0.0","8,612","27.0","Nej","00:02:00","15","28.0","--","--","--","00:56:30","01:01:15","--","--"
Löpning,2025-11-04 12:03:19,false,"Kungälv Löpning","5.60","425","00:29:05","143","157","3.2","161","193","5:11","4:07","56","186","1.20","--","--","--","--","0.0","4,664","21.0","Nej","00:03:06.0","6","29.0","--","--","--","00:29:04","00:29:05","-1","44"
Löpning,2025-11-03 12:02:06,false,"Kungälv - Bas","6.12","451","00:32:05","139","152","3.1","158","182","5:14","4:00","56","58","1.21","--","--","--","--","0.0","5,104","18.0","Nej","00:00:40.4","7","27.0","--","--","--","00:32:04","00:32:05","150","187"
Löpning,2025-10-12 09:00:16,false,"Budapest Löpning","42.52","2,937","02:59:32","158","176","5.0","168","179","4:13","3:32","150","155","1.41","--","--","--","--","0.0","29,982","21.0","Nej","00:01:53.5","43","30.0","--","--","--","02:59:20","02:59:32","98","127"
Löpning,2025-10-12 08:11:55,false,"Budapest Löpning","3.14","258","00:26:59","111","134","2.0","105","206","8:35","2:31","16","15","1.11","--","--","--","--","0.0","3,144","18.0","Nej","00:00:37.5","4","22.0","--","--","--","00:19:07","00:26:59","-53","-45"
Löpning,2025-10-08 12:02:40,false,"Kungälv Löpning","7.57","516","00:37:37","129","143","2.9","161","172","4:58","4:19","62","74","1.25","--","--","--","--","0.0","6,092","20.0","Nej","00:02:49.3","8","29.0","--","--","--","00:37:14","00:37:37","-72","-30"
Löpning,2025-10-06 18:04:04,false,"Kungälv Löpning","8.64","605","01:00:48","109","150","2.5","120","231","7:02","2:20","311","100","1.18","--","--","--","--","0.0","7,764","16.0","Nej","00:00:28.0","27","29.0","--","--","--","00:50:20","01:00:48","18","55"
Löpning,2025-10-04 08:31:07,false,"Kungälv Löpning","9.12","636","00:46:16","132","162","3.5","154","184","5:04","3:15","127","143","1.25","--","--","--","--","0.0","7,158","13.0","Nej","00:01:30","12","24.0","--","--","--","00:42:49","00:46:16","42","75"
Löpning,2025-10-02 17:57:24,false,"Kungälv Löpning","7.55","572","00:57:01","114","162","2.5","120","224","7:33","3:00","200","189","1.10","--","--","--","--","0.0","7,044","17.0","Nej","00:00:25.4","25","26.0","--","--","--","00:44:51","00:57:01","15","64"
Löpband,2025-10-01 18:16:00,false,"Löpband","7.26","479","00:42:31","124","161","2.8","132","192","5:51","3:33","--","--","1.30","--","--","--","--","0.0","5,578","24.0","Nej","00:00:37.8","9","29.0","--","--","--","00:34:30","00:44:59","--","--"
Löpning,2025-09-30 12:01:09,false,"Kungälv Löpning","7.62","505","00:31:41","148","159","3.5","167","178","4:10","3:30","55","72","1.44","--","--","--","--","0.0","5,314","20.0","Nej","00:02:31.5","8","28.0","--","--","--","00:31:30","00:31:41","5","44"
Löpning,2025-09-29 18:07:28,false,"Kungälv Löpning","8.13","576","01:01:31","109","168","2.3","105","228","7:34","2:36","115","118","1.18","--","--","--","--","0.0","6,812","18.0","Nej","00:00:52","24","27.0","13","13","13","00:44:35","01:01:31","3","50"
Löpning,2025-09-27 16:06:28,false,"Kungälv Löpning","24.20","1,706","02:03:44","136","157","4.1","158","215","5:07","3:51","219","209","1.23","--","--","--","--","0.0","19,664","22.0","Nej","00:01:07.3","25","31.0","--","--","--","02:00:59","02:09:09","9","85"
Löpning,2025-09-25 17:21:22,false,"Kungälv Löpning","11.19","813","01:11:09","116","168","3.3","128","187","6:22","3:16","74","77","1.18","--","--","--","--","0.0","9,422","20.0","Nej","00:03:00.7","14","28.0","--","--","--","00:58:53","01:15:11","15","48"
Löpning,2025-09-25 12:02:28,false,"Kungälv Löpning","7.56","530","00:37:16","130","145","3.0","158","240","4:56","3:41","59","60","1.29","--","--","--","--","0.0","5,876","22.0","Nej","00:02:38.7","8","28.0","--","--","--","00:35:29","00:37:16","3","32"
Löpning,2025-09-24 18:14:47,false,"Kungälv Löpning","10.15","750","01:10:40","119","171","3.1","108","210","6:58","2:42","130","106","1.27","--","--","--","--","0.0","7,984","17.0","Nej","00:00:18.4","20","23.0","--","--","--","00:48:36","01:10:40","10","50"
Löpning,2025-09-22 18:15:48,false,"Kungälv Löpning","5.31","423","00:44:51","107","162","2.1","122","198","8:27","3:42","157","158","0.94","--","--","--","--","0.0","5,612","17.0","Nej","00:00:25.4","23","23.0","--","--","--","00:35:29","00:44:51","37","68"
Löpning,2025-09-22 12:02:09,false,"Kungälv Löpning","7.51","496","00:38:00","120","136","2.4","161","200","5:04","4:14","69","71","1.22","--","--","--","--","0.0","6,118","18.0","Nej","00:02:34.3","8","27.0","--","--","--","00:37:42","00:38:00","-45","-9"
Löpning,2025-09-21 09:35:30,false,"Kungälv Löpning","9.89","723","00:49:16","137","159","3.2","163","169","4:59","4:04","81","110","1.23","--","--","--","--","0.0","8,022","23.0","Nej","00:04:28.2","10","31.0","--","--","--","00:49:05","00:49:50","21","61"
Löpning,2025-09-20 08:59:48,false,"Kungälv Löpning","32.07","2,381","02:54:39","141","168","4.8","156","228","5:27","0:38","146","160","1.17","--","--","--","--","0.0","27,438","23.0","Nej","00:00:27.3","33","30.0","--","--","--","02:51:16","02:54:39","-0","46"
Löpning,2025-09-19 11:58:00,false,"Kungälv Löpning","7.55","563","00:35:45","143","159","3.3","161","171","4:44","4:04","118","72","1.32","--","--","--","--","0.0","5,770","22.0","Nej","00:02:35.3","8","28.0","--","--","--","00:35:13","00:35:45","3","43"
Löpning,2025-09-17 18:14:52,false,"Kungälv Löpning","7.35","559","01:01:43","108","169","2.7","93","214","8:24","2:28","111","89","1.31","--","--","--","--","0.0","6,362","19.0","Nej","00:00:35.0","34","24.0","--","--","--","00:41:50","01:01:43","8","50"
Löpning,2025-09-15 12:07:25,false,"Kungälv Löpning","7.62","500","00:35:47","128","142","2.6","161","173","4:42","3:57","56","65","1.32","--","--","--","--","0.0","5,786","17.0","Nej","00:03:02.6","8","28.0","--","--","--","00:35:28","00:35:47","109","149"
Löpning,2025-09-14 07:48:01,false,"Kungälv Löpning","31.14","2,254","02:57:20","119","146","3.8","156","169","5:42","4:10","284","325","1.12","--","--","--","--","0.0","27,698","17.0","Nej","00:01:01.0","32","28.0","--","--","--","02:53:27","02:57:20","8","82"
Löpning,2025-09-13 09:03:28,false,"Kungälv Löpning","6.08","494","00:48:22","113","164","2.4","127","200","7:57","2:57","169","177","0.99","--","--","--","--","0.0","6,324","17.0","Nej","00:00:24.5","24","26.0","--","--","--","00:39:44","00:48:22","36","69"
Löpning,2025-09-11 16:48:45,false,"Kungälv Löpning","11.02","788","00:53:19","137","166","3.7","154","174","4:50","3:32","73","73","1.32","--","--","--","--","0.0","8,278","24.0","Nej","00:00:23.6","12","29.0","--","--","--","00:50:56","00:53:19","2","41"
Löpning,2025-09-10 19:46:22,false,"Kungälv Löpning","11.29","796","00:51:57","138","158","3.6","163","172","4:36","3:53","111","125","1.33","--","--","--","--","0.0","8,462","23.0","Nej","00:01:17.3","12","30.0","--","--","--","00:51:49","00:51:57","36","104"
Löpning,2025-09-08 17:59:26,false,"Kungälv Löpning","16.37","1,208","01:34:12","129","169","3.8","134","200","5:45","2:40","150","145","1.28","--","--","--","--","0.0","12,924","23.0","Nej","00:01:00.5","21","29.0","--","--","--","01:19:26","01:34:12","11","63"
Löpning,2025-09-06 17:38:43,false,"Kungälv Löpning","24.19","1,713","01:48:59","146","163","4.6","166","177","4:30","3:48","195","195","1.34","--","--","--","--","0.0","18,030","23.0","Nej","00:01:08.0","25","29.0","--","--","--","01:48:10","01:48:59","1","82"
Löpning,2025-09-05 12:02:36,false,"Kungälv - Bas","7.49","534","00:36:36","133","157","2.9","162","170","4:53","4:00","86","68","1.27","--","--","--","--","0.0","5,914","20.0","Nej","00:02:21.5","8","28.0","--","--","--","00:36:16","00:36:36","5","39"
Löpning,2025-09-03 18:09:57,false,"Kungälv Löpning","6.87","542","00:55:53","112","169","2.6","97","222","8:08","2:26","86","72","1.19","--","--","--","--","0.0","5,916","24.0","Nej","00:00:32.6","33","27.0","--","--","--","00:39:52","00:55:55","8","49"
Löpning,2025-09-03 12:03:56,false,"Kungälv Löpning","7.61","538","00:37:07","134","146","3.0","160","169","4:52","3:58","89","61","1.28","--","--","--","--","0.0","5,974","25.0","Nej","00:03:05.9","8","28.0","--","--","--","00:36:42","00:37:07","9","40"
Löpning,2025-09-02 12:01:55,false,"Kungälv - Bas","7.54","528","00:37:02","131","143","2.8","162","169","4:55","4:13","60","59","1.26","--","--","--","--","0.0","5,988","24.0","Nej","00:02:34.8","8","29.0","--","--","--","00:36:44","00:37:02","11","40"
Löpning,2025-09-01 16:24:52,false,"Kungälv Löpning","11.40","794","00:58:03","126","146","3.0","158","166","5:06","4:02","100","98","1.24","--","--","--","--","0.0","9,174","26.0","Nej","00:02:11.8","12","30.0","--","--","--","00:57:19","00:58:03","21","83"
Löpning,2025-09-01 12:04:27,false,"Kungälv Löpning","7.53","520","00:37:48","128","140","2.6","160","168","5:01","3:58","58","64","1.24","--","--","--","--","0.0","6,052","27.0","Nej","00:02:42.0","8","33.0","--","--","--","00:37:38","00:37:48","-8","22"
Löpning,2025-08-30 07:58:27,false,"Kungälv Löpning","30.06","2,195","02:28:02","140","158","4.8","161","172","4:56","4:01","230","230","1.26","--","--","--","--","0.0","23,870","21.0","Nej","00:00:20.1","31","30.0","--","--","--","02:26:09","02:28:02","-0","84"
Löpning,2025-08-29 11:58:12,false,"Kungälv - Bas","7.57","545","00:37:59","134","150","3.0","157","169","5:01","4:02","78","66","1.27","--","--","--","--","0.0","5,970","25.0","Nej","00:02:44.3","8","30.0","--","--","--","00:36:58","00:37:59","3","38"
Löpning,2025-08-28 18:10:25,false,"Kungälv Löpning","8.02","666","01:00:32","119","171","3.1","101","214","7:33","2:55","163","77","1.21","--","--","--","--","0.0","6,642","25.0","Nej","00:00:13.5","36","31.0","--","--","--","00:43:11","01:02:06","21","65"
Löpning,2025-08-27 18:17:14,false,"Kungälv Löpning","10.06","761","00:56:57","134","165","3.7","136","211","5:40","3:29","71","70","1.25","--","--","--","--","0.0","7,936","21.0","Nej","00:01:30","15","27.0","--","--","--","00:49:52","00:56:57","39","68"
Löpning,2025-08-27 12:02:13,false,"Kungälv Löpning","7.55","549","00:36:31","138","149","3.1","162","173","4:50","3:45","76","60","1.28","--","--","--","--","0.0","5,902","23.0","Nej","00:02:37.6","8","28.0","--","--","--","00:36:25","00:36:31","7","42"
Löpning,2025-08-26 12:00:26,false,"Kungälv - Bas","7.57","542","00:36:26","136","149","3.1","162","172","4:49","4:08","89","67","1.28","--","--","--","--","0.0","5,888","23.0","Nej","00:02:44.4","8","28.0","--","--","--","00:36:25","00:36:26","1","41"
Löpning,2025-08-25 19:09:24,false,"Kungälv Löpning","0.88","74","00:05:14.1","132","145","1.2","154","158","5:55","5:01","30","4","1.10","--","--","--","--","0.0","798","23.0","Nej","00:05:14.1","1","28.0","--","--","--","00:05:14","00:05:14.1","17","48"
Löpning,2025-08-25 18:34:13,false,"Kungälv Löpning","5.00","348","00:18:11","165","177","3.7","168","180","3:38","3:25","11","7","1.66","--","--","--","--","0.0","3,050","24.0","Nej","00:00:12.7","6","28.0","--","--","--","00:18:08","00:18:11","21","26"
Löpning,2025-08-25 18:02:00,false,"Kungälv Löpning","3.06","257","00:24:11","107","143","2.0","115","192","7:53","2:55","60","86","1.15","--","--","--","--","0.0","2,986","22.0","Nej","00:01:06.6","4","29.0","--","--","--","00:18:59","00:24:11","12","51"
Löpning,2025-08-24 07:46:34,false,"Kungälv Löpning","21.97","1,602","01:40:54","147","167","4.8","165","173","4:36","3:59","192","184","1.32","--","--","--","--","0.0","16,604","17.0","Nej","00:04:17.0","22","30.0","--","--","--","01:40:48","01:40:54","8","87"
Löpning,2025-08-22 11:58:14,false,"Kungälv - Bas","7.53","565","00:37:38","138","152","3.2","159","169","5:00","4:02","57","68","1.26","--","--","--","--","0.0","6,006","22.0","Nej","00:02:37.9","8","29.0","--","--","--","00:37:08","00:37:38","4","42"
Löpning,2025-08-21 16:28:53,false,"Kungälv Löpning","6.10","496","00:34:52","136","167","3.0","151","231","5:43","3:15","171","176","1.16","--","--","--","--","0.0","5,348","19.0","Nej","00:00:23.9","33","25.0","--","--","--","00:33:43","00:34:52","19","69"
Löpning,2025-08-20 18:19:21,false,"Kungälv Löpning","9.62","785","01:05:06","132","182","3.6","110","231","6:46","2:15","112","106","1.23","--","--","--","--","0.0","7,528","21.0","Nej","00:00:00.9","20","30.0","--","--","--","00:47:28","01:05:06","1","50"
Löpning,2025-08-20 11:57:25,false,"Kungälv - Bas","7.60","560","00:37:51","136","149","3.1","158","175","4:59","4:13","63","66","1.28","--","--","--","--","0.0","5,990","23.0","Nej","00:02:58.5","8","29.0","--","--","--","00:36:47","00:37:51","8","44"
Löpning,2025-08-18 17:57:02,false,"Kungälv Löpning","14.33","1,076","01:22:26","130","171","3.6","147","179","5:45","3:31","217","205","1.17","--","--","--","--","0.0","12,274","23.0","Nej","00:02:03.7","16","30.0","--","--","--","01:18:08","01:47:39","9","70"
Löpning,2025-08-16 08:45:44,false,"Kungälv Löpning","30.14","2,288","02:39:21","143","162","4.7","159","169","5:17","4:31","266","263","1.19","--","--","--","--","0.0","25,316","22.0","Nej","00:00:45.1","31","32.0","--","--","--","02:38:37","02:41:00","8","84"
Löpning,2025-08-14 17:21:05,false,"Kungälv Löpning","10.17","838","01:05:14","129","171","3.6","124","173","6:25","3:29","48","48","1.20","--","--","--","--","0.0","8,396","26.0","Nej","00:00:05.9","23","32.0","--","--","--","00:53:35","01:11:27","17","43"
Löpning,2025-08-11 16:24:27,false,"Kungälv Löpning","11.28","800","00:51:24","140","163","3.9","162","186","4:33","3:15","82","97","1.34","--","--","--","--","0.0","8,322","20.0","Nej","00:00:27.3","16","29.0","--","--","--","00:51:12","00:51:24","4","82"
Löpning,2025-08-09 09:35:19,false,"Kungälv Löpning","25.08","1,825","01:54:48","147","162","5.0","164","176","4:35","3:59","174","173","1.32","--","--","--","--","0.0","19,012","22.0","Nej","00:00:26.8","26","30.0","--","--","--","01:53:47","01:54:48","-4","43"
Löpning,2025-08-08 18:19:47,false,"Kungälv Löpning","11.37","779","00:54:48","129","146","3.2","161","174","4:49","3:51","111","88","1.29","--","--","--","--","0.0","8,890","25.0","Nej","00:01:48.9","12","29.0","--","--","--","00:54:01","00:54:48","25","86"
Löpning,2025-08-07 19:14:50,false,"Kungälv Löpning","8.67","618","00:41:18","133","169","3.4","163","177","4:46","3:32","47","53","1.28","--","--","--","--","0.0","6,778","19.0","Nej","00:03:43.7","9","29.0","--","--","--","00:41:04","00:41:18","-4","41"
Löpning,2025-08-06 18:16:07,false,"Kungälv Löpning","11.07","859","01:10:02","126","172","3.7","118","222","6:20","1:53","147","148","1.28","--","--","--","--","0.0","8,730","21.0","Nej","00:01:00","20","27.0","--","--","--","00:51:53","01:10:02","10","54"
Löpning,2025-08-05 17:00:37,false,"Kungälv - Tröskel","9.97","705","00:43:09","147","164","4.0","168","183","4:20","3:25","84","158","1.37","--","--","--","--","0.0","7,240","19.0","Nej","00:00:16.2","12","30.0","--","--","--","00:43:07","00:43:09","11","60"
Löpning,2025-08-04 16:55:21,false,"Kungälv Löpning","10.64","791","01:02:51","125","164","3.1","140","235","5:54","3:02","209","206","1.20","--","--","--","--","0.0","9,080","22.0","Nej","00:00:30","28","30.0","--","--","--","00:56:51","01:03:36","59","117"
Löpning,2025-08-02 16:13:13,false,"Varberg Löpning","11.01","774","00:54:21","129","143","3.2","160","168","4:56","4:23","61","67","1.26","--","--","--","--","0.0","8,750","27.0","Nej","00:00:08.2","12","34.0","--","--","--","00:53:11","00:54:21","-2","30"
Löpning,2025-08-01 08:00:04,false,"Varberg - Bas","16.93","1,209","01:24:36","128","144","3.5","161","170","5:00","4:21","81","79","1.24","--","--","--","--","0.0","13,638","25.0","Nej","00:04:40.1","17","30.0","--","--","--","01:24:06","01:24:36","-6","13"
Löpning,2025-07-31 17:01:49,false,"Varberg - Bas","10.24","771","00:56:23","130","148","3.2","141","231","5:30","4:02","52","46","1.29","--","--","--","--","0.0","8,294","27.0","Nej","00:01:13.2","11","32.0","--","--","--","00:52:37","00:56:23","4","28"
Löpning,2025-07-30 10:43:24,false,"Varberg Löpning","11.32","893","01:07:20","131","171","3.7","134","200","5:57","2:51","100","104","1.24","--","--","--","--","0.0","9,274","26.0","Nej","00:00:29.6","38","30.0","--","--","--","01:00:31","01:07:20","-2","40"
Löpning,2025-07-29 12:36:05,false,"Varberg Löpning","11.16","794","01:02:29","119","143","3.0","154","169","5:36","4:40","106","97","1.16","--","--","--","--","0.0","9,706","28.0","Nej","00:00:58.2","12","32.0","--","--","--","01:00:58","01:08:27","-5","39"
Löpning,2025-07-28 17:33:54,false,"Varberg Löpning","9.40","684","00:47:05","136","165","3.3","159","172","5:01","3:38","48","46","1.25","--","--","--","--","0.0","7,482","28.0","Nej","00:02:05.9","10","32.0","--","--","--","00:46:44","00:47:05","3","15"
Löpning,2025-07-26 10:49:42,false,"Kungälv Löpning","26.33","1,929","01:59:33","151","165","5.0","166","173","4:32","4:02","192","192","1.33","--","--","--","--","0.0","19,752","27.0","Nej","00:01:39.1","27","32.0","--","--","--","01:59:18","01:59:33","-2","41"
Löpning,2025-07-23 18:06:23,false,"Kungälv Löpning","11.49","827","01:14:38","118","171","3.4","119","214","6:30","2:59","70","76","1.22","--","--","--","--","0.0","9,454","23.0","Nej","00:00:44.7","23","31.0","--","--","--","01:01:13","01:14:38","11","41"
Löpning,2025-07-22 20:07:34,false,"Kungälv Löpning","9.29","663","00:49:41","126","147","2.9","158","198","5:21","4:38","81","82","1.19","--","--","--","--","0.0","7,858","29.0","Nej","00:01:29.7","10","33.0","--","--","--","00:49:06","00:49:41","1","48"
Löpning,2025-07-22 08:29:14,false,"Kungälv - Bas","9.91","746","00:54:15","132","146","3.1","162","168","5:28","4:47","79","80","1.13","--","--","--","--","0.0","8,792","26.0","Nej","00:01:00.1","11","31.0","--","--","--","00:54:09","00:54:15","17","58"
Löpning,2025-07-21 18:18:42,false,"Kungälv Löpning","10.26","763","00:56:32","130","166","3.6","149","181","5:31","3:26","135","140","1.21","--","--","--","--","0.0","8,436","25.0","Nej","00:01:28.5","12","31.0","--","--","--","00:51:59","00:57:01","13","67"
Löpning,2025-07-19 17:53:43,false,"Kungälv Löpning","24.20","1,798","02:20:57","127","147","3.9","151","217","5:50","4:41","235","212","1.13","--","--","--","--","0.0","21,436","29.0","Nej","00:01:08.4","25","35.0","--","--","--","02:17:15","02:26:43","2","88"
Löpning,2025-07-15 17:09:39,false,"Kungälv Löpning","9.98","743","00:52:25","135","169","3.4","144","202","5:15","2:45","169","149","1.29","--","--","--","--","0.0","7,716","23.0","Nej","00:00:17.1","30","30.0","--","--","--","00:48:18","00:52:25","16","46"
Löpning,2025-07-15 09:02:37,false,"Kungälv - Bas","10.75","809","00:59:07","132","147","3.1","138","177","5:30","4:42","109","107","1.74","--","--","--","--","0.0","8,306","28.0","Nej","00:00:44.5","12","34.0","--","--","--","00:58:11","00:59:07","23","60"
Löpning,2025-07-14 18:21:33,false,"Kungälv Löpning","10.65","829","01:04:22","129","164","3.4","148","184","6:03","3:22","256","263","1.10","--","--","--","--","0.0","9,600","22.0","Nej","00:03:42.5","12","29.0","--","--","--","01:01:02","01:04:22","7","70"
Löpband,2025-07-14 10:14:11,false,"Bas","7.89","443","00:42:03","118","131","2.0","154","163","5:20","4:21","--","--","1.22","--","--","--","--","0.0","6,442","28.0","Nej","00:00:03.3","9","31.0","--","--","--","00:41:46","00:43:02","--","--"
Löpning,2025-07-13 14:30:20,false,"Kungälv - Tempo","13.15","953","01:02:20","144","163","4.1","157","178","4:44","3:36","129","133","1.34","--","--","--","--","0.0","9,772","28.0","Nej","00:00:13.8","19","30.0","--","--","--","00:59:24","01:02:20","8","83"
Löpning,2025-07-12 12:44:50,false,"Kungälv Löpning","2.65","203","00:18:44","109","142","1.5","124","244","7:04","4:42","28","9","1.14","--","--","--","--","0.0","2,566","28.0","Nej","00:04:33.3","3","31.0","--","--","--","00:16:08","00:18:44","19","43"
Löpning,2025-07-12 10:43:50,false,"Kungälv Löpning","2.56","185","00:14:36","118","133","2.0","148","231","5:42","4:17","13","30","1.19","--","--","--","--","0.0","2,170","27.0","Nej","00:03:34.4","3","32.0","--","--","--","00:13:55","00:14:36","20","44"
Löpning,2025-07-08 17:52:45,false,"Kungälv Löpning","10.57","757","00:58:14","122","140","2.7","158","195","5:30","4:35","109","74","1.15","--","--","--","--","0.0","9,208","22.0","Nej","00:03:36.8","11","30.0","--","--","--","00:57:49","01:14:40","1","44"
Löpning,2025-07-08 10:08:05,false,"Kungälv - Tröskel 3x3km","11.32","824","00:50:56","148","164","4.3","155","173","4:30","3:28","43","45","1.42","--","--","--","--","0.0","7,988","19.0","Nej","00:00:01.5","16","23.0","--","--","--","00:49:02","00:50:56","15","21"
Löpning,2025-07-06 11:56:27,false,"Kungälv Löpning","32.06","2,380","02:55:04","133","164","4.5","156","237","5:28","4:05","282","281","1.17","--","--","--","--","0.0","27,438","24.0","Nej","00:00:22.1","33","28.0","--","--","--","02:51:09","02:55:04","2","85"
Löpning,2025-07-02 18:07:24,false,"Kungälv Löpning","9.46","754","01:13:43","115","171","3.1","108","205","7:48","2:28","117","165","1.14","--","--","--","--","0.0","8,530","28.0","Nej","00:00:29.1","36","31.0","--","--","--","00:55:30","01:14:14","15","48"
Löpning,2025-06-30 18:15:15,false,"Kungälv - Tröskel 3 x 8 min","9.55","701","00:52:54","130","163","3.4","145","190","5:32","3:06","133","137","1.21","--","--","--","--","0.0","7,860","22.0","Nej","00:00:02.6","14","28.0","--","--","--","00:48:57","00:52:54","33","69"
Löpning,2025-06-29 09:23:44,false,"Kungälv Löpning","17.93","1,300","01:34:19","128","151","3.7","159","170","5:16","4:28","196","197","1.19","--","--","--","--","0.0","15,010","22.0","Nej","00:04:47.2","18","30.0","--","--","--","01:32:26","01:34:19","-5","43"
Löpning,2025-06-28 08:54:04,false,"Kungälv Löpning","17.63","1,353","02:11:31","118","164","3.5","130","222","7:28","4:11","312","332","1.02","--","--","--","--","0.0","18,052","20.0","Nej","00:03:36.1","18","29.0","--","--","--","01:57:08","02:11:31","2","72"
Löpning,2025-06-27 16:50:44,false,"Kungälv Löpning","7.58","536","00:39:31","125","152","2.8","159","167","5:13","4:15","158","163","1.21","--","--","--","--","0.0","6,260","24.0","Nej","00:03:11.2","8","30.0","--","--","--","00:39:17","00:39:31","8","55"
Löpning,2025-06-26 12:02:12,false,"Kungälv Löpning","7.61","545","00:38:19","130","145","3.0","155","180","5:02","4:16","59","61","1.28","--","--","--","--","0.0","5,960","23.0","Nej","00:03:04.5","8","29.0","--","--","--","00:37:02","00:38:31","7","41"
Löpning,2025-06-25 18:04:27,false,"Kungälv Löpning","9.46","781","01:13:34","114","169","3.3","105","223","7:47","1:53","190","112","1.18","--","--","--","--","0.0","8,308","26.0","Nej","00:00:29.5","36","32.0","--","--","--","00:53:24","01:13:34","16","52"
Löpning,2025-06-24 11:59:51,false,"Kungälv - Bas","7.58","554","00:37:21","135","149","3.2","159","176","4:56","4:10","84","85","1.28","--","--","--","--","0.0","5,962","23.0","Nej","00:02:53.2","8","28.0","--","--","--","00:36:31","00:37:21","6","41"
Löpning,2025-06-23 18:15:42,false,"Kungälv Löpning","9.47","694","00:49:49","136","164","3.8","144","176","5:15","3:32","117","114","1.28","--","--","--","--","0.0","7,290","20.0","Nej","00:01:00.2","15","28.0","--","--","--","00:45:27","00:49:49","41","72"
Löpning,2025-06-22 07:55:56,false,"Kungälv Löpning","31.90","2,369","02:55:08","132","159","4.8","152","171","5:29","4:25","301","292","1.19","--","--","--","--","0.0","26,796","24.0","Nej","00:04:44.2","32","29.0","--","--","--","02:46:03","02:55:08","5","86"
Löpning,2025-06-19 12:01:04,false,"Kungälv Löpning","7.57","561","00:37:37","137","161","3.3","154","171","4:58","4:02","109","64","1.31","--","--","--","--","0.0","5,840","25.0","Nej","00:02:41.2","8","30.0","--","--","--","00:35:50","00:39:16","-0","41"
Löpning,2025-06-18 18:12:32,false,"Kungälv Löpning","8.99","702","00:57:31","127","189","3.8","116","214","6:24","2:56","122","106","1.26","--","--","--","--","0.0","7,118","22.0","Nej","00:00:45","20","26.0","--","--","--","00:45:22","00:57:31","11","52"
Löpning,2025-06-17 12:02:37,false,"Kungälv - Bas","7.66","545","00:36:46","134","149","3.3","160","173","4:48","4:14","63","61","1.30","--","--","--","--","0.0","5,876","22.0","Nej","00:00:46.3","9","28.0","--","--","--","00:36:29","00:36:46","8","42"
Löpning,2025-06-16 16:32:04,false,"Kungälv - Tröskel 3x3km","13.93","985","01:03:38","141","163","4.6","160","174","4:34","3:36","143","152","1.36","--","--","--","--","0.0","10,208","24.0","Nej","00:00:11.3","18","30.0","--","--","--","01:02:38","01:03:38","6","72"
Löpning,2025-06-14 13:15:01,false,"Kungälv Löpning","10.00","734","00:38:50","166","178","5.0","165","176","3:53","3:23","46","48","1.56","--","--","--","--","0.0","6,404","28.0","Nej","00:03:38.1","10","33.0","--","--","--","00:38:41","00:38:50","2","20"
Löpning,2025-06-14 12:03:12,false,"Kungälv Löpning","1.15","98","00:08:24.5","112","129","1.5","118","162","7:20","4:46","3","5","1.16","--","--","--","--","0.0","1,054","29.0","Nej","00:02:43.1","2","32.0","--","--","--","00:06:16","00:08:24.5","16","28"
Löpband,2025-06-11 20:26:56,false,"60 min löppning","10.16","557","00:50:42","126","160","3.0","156","167","4:59","4:04","--","--","1.28","--","--","--","--","0.0","7,832","28.0","Nej","00:00:41.7","13","31.0","--","--","--","00:50:20","00:50:42","--","--"
Löpning,2025-06-10 12:00:13,false,"Kungälv Löpning","7.57","587","00:38:24","142","160","3.5","156","167","5:04","4:23","60","97","1.27","--","--","--","--","0.0","5,994","17.0","Nej","00:02:47.1","8","27.0","--","--","--","00:37:24","00:38:24","11","46"
Löpning,2025-06-09 18:17:52,false,"Kungälv Löpning","11.23","853","01:09:58","123","172","3.2","150","177","6:14","3:44","264","263","1.07","--","--","--","--","0.0","10,618","20.0","Nej","00:01:12.4","12","25.0","--","--","--","01:08:46","01:09:58","13","72"
Löpning,2025-06-08 09:40:06,false,"Kungälv Löpning","19.45","1,515","01:35:46","154","172","5.0","157","165","4:55","4:13","171","171","1.30","--","--","--","--","0.0","15,016","20.0","Nej","00:02:31.6","20","28.0","--","--","--","01:34:27","01:35:46","7","83"
Löpning,2025-06-04 11:58:54,false,"Kungälv Löpning","7.55","578","00:35:50","148","167","3.7","156","167","4:45","4:00","68","111","1.35","--","--","--","--","0.0","5,650","23.0","Nej","00:02:35.7","8","28.0","--","--","--","00:34:51","00:35:50","1","44"
Löpning,2025-05-26 16:15:24,false,"Kungälv - Tröskel 3 x 8 min","11.11","819","00:51:48","146","172","4.0","159","170","4:40","3:41","83","94","1.34","--","--","--","--","0.0","8,226","21.0","Nej","00:00:19.5","14","26.0","--","--","--","00:51:31","00:51:48","13","83"
Löpning,2025-05-26 11:58:20,false,"Kungälv - Bas","7.54","553","00:36:31","136","150","3.2","159","165","4:51","4:17","63","81","1.30","--","--","--","--","0.0","5,788","22.0","Nej","00:02:40.2","8","29.0","--","--","--","00:36:29","00:36:31","5","40"
Löpning,2025-05-17 13:01:15,false,"Göteborg Löpning","21.36","1,563","01:24:53","166","175","5.0","167","183","3:58","3:05","200","207","1.51","--","--","--","--","0.0","14,142","20.0","Nej","00:01:15.4","22","29.0","--","--","--","01:24:45","01:25:20","-19","44"
Löpning,2025-05-17 11:55:30,false,"Göteborg Löpning","4.38","352","00:24:36","135","158","2.5","143","194","5:37","4:08","30","16","1.26","--","--","--","--","0.0","3,816","23.0","Nej","00:02:55.1","5","27.0","--","--","--","00:24:26","00:37:24","43","52"
Löpning,2025-05-14 11:59:07,false,"Kungälv Löpning","7.56","524","00:37:50","126","136","2.7","159","172","5:00","4:14","67","71","1.26","--","--","--","--","0.0","6,004","19.0","Nej","00:02:44.9","8","28.0","--","--","--","00:37:48","00:37:50","13","50"
Löpning,2025-05-12 18:15:51,false,"Kungälv Löpning","11.61","851","00:54:28","140","173","4.0","159","231","4:42","3:15","48","53","1.33","--","--","--","--","0.0","8,674","22.0","Nej","00:00:12.4","14","26.0","--","--","--","00:54:03","00:54:31","-4","17"
Löpning,2025-05-11 08:46:15,false,"Kungälv Löpning","13.87","996","00:59:13","151","177","4.9","163","178","4:16","3:27","96","96","1.44","--","--","--","--","0.0","9,696","16.0","Nej","00:03:19.1","14","20.0","21","21","21","00:57:56","00:59:13","-2","34"
Löpning,2025-05-08 16:31:14,false,"Kungälv - Intervall 8 x 3 min","12.00","871","00:57:17","140","170","4.0","152","190","4:46","3:08","78","74","1.34","--","--","--","--","0.0","8,914","24.0","Nej","00:00:10.8","21","30.0","--","--","--","00:56:50","00:57:17","-40","-18"
Löpning,2025-05-05 20:07:22,false,"Kungälv - Tröskel 3x3km","12.32","868","00:54:46","145","162","4.1","164","180","4:27","3:35","124","139","1.37","--","--","--","--","0.0","8,938","16.0","Nej","00:00:19.0","16","27.0","--","--","--","00:54:44","00:54:46","4","91"
Löpning,2025-05-03 17:48:29,false,"Kungälv Löpning","21.02","1,455","01:33:58","141","171","4.9","163","178","4:28","3:29","148","152","1.37","--","--","--","--","0.0","15,290","15.0","Nej","00:00:07.7","22","22.0","--","--","--","01:32:23","01:33:58","-1","35"
Löpning,2025-05-02 11:53:04,false,"Kungälv Löpning","7.56","543","00:36:32","133","154","3.1","158","168","4:50","4:16","74","75","1.31","--","--","--","--","0.0","5,788","20.0","Nej","00:02:41.0","8","28.0","--","--","--","00:35:59","00:36:32","7","41"
Löpning,2025-05-01 09:27:53,false,"Kungälv - Sprint","11.20","823","01:00:19","130","160","3.1","154","228","5:23","1:47","90","96","1.21","--","--","--","--","0.0","9,292","21.0","Nej","00:00:10","23","28.0","--","--","--","00:58:38","01:00:19","7","43"
Löpning,2025-04-30 12:01:41,false,"Kungälv - Bas","7.56","545","00:36:21","136","148","3.2","160","178","4:48","3:44","65","63","1.30","--","--","--","--","0.0","5,786","24.0","Nej","00:02:46.7","8","28.0","--","--","--","00:36:18","00:36:21","6","42"
Löpning,2025-04-28 16:09:45,false,"Kungälv - 60 min löppning","13.08","936","01:00:00","141","169","4.2","163","179","4:35","3:25","125","132","1.34","--","--","--","--","0.0","9,734","22.0","Nej","00:02:00","14","25.0","--","--","--","00:59:54","01:00:00","2","84"
Löpning,2025-04-28 12:01:22,false,"Kungälv - Bas","7.56","539","00:36:48","133","148","3.1","157","170","4:52","4:08","67","74","1.31","--","--","--","--","0.0","5,792","19.0","Nej","00:02:45.2","8","28.0","--","--","--","00:36:02","00:36:48","7","46"
Löpning,2025-04-27 08:15:46,false,"Kungälv Löpning","21.00","1,496","01:35:27","144","171","5.0","162","186","4:33","3:33","139","145","1.36","--","--","--","--","0.0","15,458","18.0","Nej","00:03:50.0","21","27.0","--","--","--","01:33:58","01:35:27","-2","36"
Löpning,2025-04-24 12:01:09,false,"Kungälv - Bas","7.60","566","00:38:18","138","151","3.2","155","169","5:02","4:24","57","68","1.28","--","--","--","--","0.0","5,982","20.0","Nej","00:02:56.5","8","28.0","--","--","--","00:36:51","00:38:18","-4","31"
Löpning,2025-04-23 18:08:37,false,"Kungälv Löpning","13.28","1,081","01:17:24","139","174","3.7","145","194","5:50","3:34","362","337","1.18","--","--","--","--","0.0","11,424","17.0","Nej","00:00:25.7","32","21.0","--","--","--","01:11:56","01:17:24","5","59"
Löpning,2025-04-20 09:05:52,false,"Kungälv Löpning","20.80","1,537","01:31:50","152","180","5.0","167","180","4:25","3:32","151","155","1.36","--","--","--","--","0.0","15,268","12.0","Nej","00:03:16.4","21","17.0","25","25","25","01:31:40","01:31:50","-2","31"
Löpning,2025-04-19 08:44:37,false,"Kungälv Löpning","18.91","1,406","02:23:52","109","152","3.1","132","205","7:37","4:53","380","377","0.99","--","--","--","--","0.0","19,864","18.0","Nej","00:05:06.5","19","29.0","--","--","--","02:10:32","02:23:52","4","73"
Löpning,2025-04-17 11:57:20,false,"Kungälv Löpning","7.57","572","00:41:21","132","149","3.0","148","234","5:28","4:00","56","71","1.24","--","--","--","--","0.0","6,126","27.0","Nej","00:02:50.8","8","31.0","--","--","--","00:38:43","00:41:21","5","41"
Löpning,2025-04-16 18:20:29,false,"Kungälv - Intervall 8 x 3 min","10.46","821","00:59:48","140","178","3.9","128","250","5:43","3:10","99","104","1.29","--","--","--","--","0.0","7,964","21.0","Nej","00:00:12.5","21","25.0","--","--","--","00:49:55","00:59:48","43","70"
Löpning,2025-04-15 12:00:59,false,"Kungälv - Bas","5.93","452","00:30:20","135","148","3.0","158","198","5:07","4:29","46","52","1.24","--","--","--","--","0.0","4,794","24.0","Nej","00:04:37.9","6","29.0","--","--","--","00:30:15","00:30:20","11","41"
Löpning,2025-04-14 18:16:04,false,"Kungälv Löpning","10.65","780","00:57:17","132","168","3.7","146","194","5:23","2:46","143","134","1.25","--","--","--","--","0.0","8,490","16.0","Nej","00:02:59.7","10","26.0","--","--","--","00:54:25","00:57:17","40","75"
Löpning,2025-04-13 17:00:53,false,"Kungälv Löpning","21.66","1,605","01:51:39","135","177","4.6","153","244","5:09","3:31","168","173","1.27","--","--","--","--","0.0","16,994","17.0","Nej","00:03:48.4","22","25.0","--","--","--","01:47:59","01:51:39","-3","36"
Löpning,2025-04-11 11:58:42,false,"Kungälv - Återhämtning","5.93","441","00:31:06","128","148","2.7","158","177","5:15","4:31","54","144","1.20","--","--","--","--","0.0","4,926","21.0","Nej","00:01:05.9","7","29.0","--","--","--","00:31:00","00:31:06","10","46"
Löpning,2025-04-10 12:05:26,false,"Kungälv Löpning","5.90","435","00:30:31","131","156","2.8","159","174","5:10","4:16","85","69","1.21","--","--","--","--","0.0","4,862","16.0","Nej","00:04:38.5","6","29.0","--","--","--","00:30:22","00:30:31","7","49"
Löpning,2025-04-09 18:14:32,false,"Kungälv Löpning","9.97","761","00:57:34","131","180","3.8","142","250","5:47","2:59","100","97","1.19","--","--","--","--","0.0","8,514","17.0","Nej","00:02:00.5","12","26.0","--","--","--","00:53:19","00:57:34","43","72"
Löpning,2025-04-08 11:57:37,false,"Kungälv - Bas","5.95","453","00:31:01","135","149","3.0","159","177","5:13","4:27","158","56","1.21","--","--","--","--","0.0","4,936","18.0","Nej","00:04:52.2","6","27.0","--","--","--","00:30:54","00:31:01","9","45"
Löpning,2025-04-07 18:16:31,false,"Kungälv Löpning","10.58","829","01:08:16","125","167","3.0","149","176","6:27","3:31","251","255","1.04","--","--","--","--","0.0","10,296","16.0","Nej","00:03:22.2","11","26.0","--","--","--","01:05:31","01:08:16","7","78"
Löpning,2025-04-07 12:03:37,false,"Kungälv - Bas","5.95","458","00:30:36","137","149","3.0","158","176","5:09","4:22","132","54","1.23","--","--","--","--","0.0","4,860","18.0","Nej","00:04:45.6","6","29.0","--","--","--","00:30:35","00:30:36","11","46"
Löpning,2025-03-29 08:44:31,false,"Kungälv Löpning","23.34","1,746","02:07:23","130","179","5.0","153","178","5:27","3:33","262","214","1.19","--","--","--","--","0.0","19,546","14.0","Nej","00:02:00.7","24","28.0","--","--","--","02:01:10","02:07:23","7","82"
Löpning,2025-03-28 11:50:42,false,"Kungälv Löpning","5.77","413","00:29:20","128","143","2.7","160","188","5:05","4:35","64","40","1.23","--","--","--","--","0.0","4,684","18.0","Nej","00:03:58.0","6","28.0","--","--","--","00:29:04","00:29:20","12","41"
Löpning,2025-03-26 18:02:32,false,"Kungälv - Bas","8.10","617","00:53:07","118","151","2.8","134","173","6:33","4:23","172","139","1.13","--","--","--","--","0.0","7,294","15.0","Nej","00:01:55.8","9","29.0","--","--","--","00:46:43","00:53:07","8","73"
Löpning,2025-03-25 18:41:00,false,"Kungälv Löpning","1.16","144","00:13:50","113","151","1.5","82","171","11:55","3:38","26","6","1.02","--","--","--","--","0.0","1,258","17.0","Nej","00:00:58.0","2","22.0","--","--","--","00:07:43","00:13:50","14","41"
Löpning,2025-03-25 18:00:00,false,"Kungälv Löpning","10.00","698","00:37:02","166","173","5.0","169","176","3:42","3:13","46","46","1.63","--","--","--","--","0.0","6,226","13.0","Nej","00:00:46.9","11","17.0","--","--","--","00:36:54","00:37:02","18","25"
Löpning,2025-03-25 17:21:17,false,"Kungälv Löpning","4.30","364","00:31:08","116","151","2.4","115","185","7:14","3:00","14","33","1.20","--","--","--","--","0.0","3,814","13.0","Nej","00:04:23.3","5","29.0","--","--","--","00:23:06","00:37:50","17","42"
Löpning,2025-03-24 18:03:10,false,"Kungälv Löpning","15.68","1,193","01:26:14","128","167","4.3","145","212","5:30","3:18","141","140","1.23","--","--","--","--","0.0","12,586","11.0","Nej","00:01:00.2","19","27.0","--","--","--","01:17:15","01:26:14","4","43"
Löpning,2025-03-22 15:59:43,false,"Kungälv Löpning","20.14","1,482","01:41:25","137","170","4.2","159","170","5:02","3:38","180","196","1.25","--","--","--","--","0.0","16,060","18.0","Nej","00:00:49.7","21","29.0","--","--","--","01:41:19","01:41:26","6","93"
Löpning,2025-03-19 18:06:39,false,"Kungälv - Musses intervall","12.00","938","01:08:54","131","171","3.7","134","196","5:44","3:01","86","78","1.23","--","--","--","--","0.0","9,454","10.0","Nej","00:01:00","23","29.0","--","--","--","00:59:50","01:08:54","-15","22"
Löpning,2025-03-18 17:30:26,false,"Kungälv Löpning","13.62","1,017","01:08:10","140","180","4.5","145","189","5:00","3:06","94","78","1.33","--","--","--","--","0.0","10,108","13.0","Nej","00:00:27.1","25","28.0","--","--","--","01:03:26","01:08:20","23","53"
Löpning,2025-03-17 20:35:15,false,"Kungälv - Tröskel 3 x 8 min","1.25","581","00:50:09","129","153","3.0","153","165","40:10","5:54","35","16","0.16","--","--","--","--","0.0","7,696","28.0","Nej","00:03:00","8","30.0","--","--","--","00:42:37","00:50:09","-29","-9"
Löpning,2025-03-15 09:01:51,false,"Kungälv Löpning","18.64","1,444","02:06:20","122","156","3.3","145","177","6:47","4:56","348","346","1.01","--","--","--","--","0.0","18,592","9.0","Nej","00:04:01.4","19","21.0","--","--","--","02:00:13","02:06:20","9","96"
Löpning,2025-03-14 12:01:41,false,"Kungälv Löpning","6.35","472","00:32:06","134","150","3.0","159","183","5:03","3:48","26","26","1.25","--","--","--","--","0.0","5,096","12.0","Nej","00:01:51.7","7","28.0","--","--","--","00:31:51","00:32:06","-78","-65"
Löpning,2025-03-13 12:01:32,false,"Löpning","4.79","416","00:28:02","137","151","3.0","157","165","5:51","3:49","32","25","1.09","--","--","--","--","0.0","4,430","9.0","Nej","00:04:40.8","5","28.0","--","--","--","00:27:37","00:28:02","-21","-1"
Löpband,2025-03-12 18:20:24,false,"Löpband","4.88","301","00:27:13","120","143","2.1","153","170","5:34","4:30","--","--","1.18","--","--","--","--","0.0","4,114","24.0","Nej","00:05:00.6","5","28.0","--","--","--","00:27:03","00:27:13","--","--"
Löpning,2025-03-11 17:31:51,false,"Kungälv Löpning","11.49","901","01:03:37","139","177","3.9","141","181","5:32","3:20","68","71","1.23","--","--","--","--","0.0","9,076","7.0","Nej","00:00:22.1","28","28.0","--","--","--","01:00:13","01:04:34","24","53"
Löpning,2025-03-11 12:04:53,false,"Kungälv - Återhämtning","5.75","433","00:30:24","128","145","2.8","158","166","5:17","4:29","64","36","1.20","--","--","--","--","0.0","4,776","10.0","Nej","00:01:34.9","7","27.0","--","--","--","00:30:00","00:30:24","16","46"
Löpning,2025-03-10 18:10:49,false,"Kungälv Löpning","12.77","998","01:10:13","136","161","4.1","149","171","5:30","3:33","182","133","1.21","--","--","--","--","0.0","10,608","14.0","Nej","00:01:25.2","14","29.0","--","--","--","01:05:41","01:10:13","-11","51"
Löpning,2025-03-10 12:01:49,false,"Kungälv - Bas","5.72","428","00:30:46","132","151","3.0","146","167","5:23","4:19","19","69","1.27","--","--","--","--","0.0","4,514","21.0","Nej","00:03:21.9","6","28.0","--","--","--","00:27:58","00:30:46","-61","-4"
Löpning,2025-03-01 08:10:04,false,"Kungälv Löpning","29.53","2,405","03:03:11","137","171","4.5","148","167","6:12","4:36","243","276","1.09","--","--","--","--","0.0","27,242","5.0","Nej","00:03:11.4","30","28.0","--","--","--","02:51:07","03:03:11","1","84"
Löpning,2025-02-27 19:37:09,false,"Kungälv - Intervaller 5x3min","11.07","819","00:53:55","135","162","4.0","160","236","4:52","3:08","83","65","1.27","--","--","--","--","0.0","8,598","9.0","Nej","00:02:00","16","29.0","--","--","--","00:53:15","00:53:55","17","49"
Löpning,2025-02-27 12:06:35,false,"Kungälv - Bas","5.76","449","00:30:15","142","158","3.0","155","167","5:15","4:15","34","44","1.23","--","--","--","--","0.0","4,718","10.0","Nej","00:03:58.8","6","28.0","--","--","--","00:29:27","00:30:15","15","41"
Löpning,2025-02-26 18:07:13,false,"Kungälv Löpning","13.51","1,035","01:15:20","130","167","3.9","148","167","5:34","3:58","84","83","1.22","--","--","--","--","0.0","11,232","11.0","Nej","00:03:11.9","14","30.0","--","--","--","01:10:33","01:15:20","4","47"
Löpning,2025-02-25 17:20:53,false,"Kungälv Löpning","11.81","879","01:03:42","120","163","3.8","147","185","5:24","3:07","79","125","1.25","--","--","--","--","0.0","9,400","9.0","Nej","00:00:09.2","24","29.0","--","--","--","00:59:47","01:03:42","18","46"
Löpband,2025-02-24 17:49:54,false,"Tröskel 3 x 8 min","9.87","662","00:54:50","129","156","3.2","141","173","5:34","3:25","--","--","1.26","--","--","--","--","0.0","7,646","25.0","Nej","00:03:00","13","32.0","--","--","--","00:49:17","00:54:50","--","--"
Löpning,2025-02-24 11:31:03,false,"Kungälv Löpning","5.80","425","00:30:04","130","146","2.9","159","197","5:11","4:12","39","121","1.21","--","--","--","--","0.0","4,782","15.0","Nej","00:04:06.5","6","27.0","--","--","--","00:29:51","00:31:00","7","42"
Löpning,2025-02-21 12:03:19,false,"Kungälv Löpning","6.56","507","00:35:03","131","150","3.0","157","169","5:21","4:39","68","164","1.19","--","--","--","--","0.0","5,500","11.0","Nej","00:02:54.4","7","27.0","--","--","--","00:34:55","00:35:03","10","49"
Löpning,2025-02-19 18:17:52,false,"Kungälv - 60 min löppning","13.94","1,043","01:11:46","131","170","3.9","160","174","5:09","3:30","88","55","1.21","--","--","--","--","0.0","11,462","6.0","Nej","00:02:00","16","15.0","--","--","--","01:11:30","01:11:46","2","41"
Löpning,2025-02-19 18:02:03,false,"Kungälv Löpning","1.79","121","00:08:44.5","120","135","1.9","163","174","4:54","4:24","6","31","1.26","--","--","--","--","0.0","1,416","16.0","Nej","00:03:51.0","2","27.0","--","--","--","00:08:43.0","00:08:44.5","22","52"
Löpning,2025-02-18 17:24:27,false,"Kungälv Löpning","9.17","837","00:55:18","155","186","4.3","137","181","6:02","3:31","59","45","1.19","--","--","--","--","0.0","7,688","6.0","Nej","00:00:47.1","12","27.0","--","--","--","00:47:53","00:55:18","24","49"
Löpning,2025-02-18 12:04:59,false,"Kungälv - Bas","5.96","462","00:31:26","133","147","3.1","160","188","5:16","4:29","58","79","1.19","--","--","--","--","0.0","5,012","11.0","Nej","00:04:56.2","6","28.0","--","--","--","00:31:24","00:31:26","15","53"
Löpning,2025-02-08 16:29:58,false,"Kungälv Löpning","24.43","1,793","01:59:57","137","167","5.0","161","200","4:55","3:44","239","206","1.26","--","--","--","--","0.0","19,284","8.0","Nej","00:02:42.1","25","27.0","--","--","--","01:59:14","01:59:57","-0","95"
Löpning,2025-02-06 12:01:05,false,"Kungälv - Bas","5.95","426","00:31:11","124","142","2.5","158","169","5:14","4:24","50","53","1.21","--","--","--","--","0.0","4,942","13.0","Nej","00:04:46.5","6","28.0","--","--","--","00:31:04","00:31:11","-27","6"
Löpning,2025-02-05 18:07:31,false,"Kungälv Löpning","15.19","1,153","01:37:40","118","166","3.3","137","187","6:26","3:20","360","287","1.12","--","--","--","--","0.0","13,708","10.0","Nej","00:00:21.8","26","29.0","--","--","--","01:27:17","01:37:40","3","71"
Löpning,2025-02-04 17:17:21,false,"Kungälv - Intervaller 15x400m","14.81","1,148","01:23:41","128","171","3.9","146","237","5:39","3:11","153","112","1.21","--","--","--","--","0.0","12,416","11.0","Nej","00:00:45.4","40","28.0","--","--","--","01:16:39","01:23:41","15","43"
Löpning,2025-02-03 19:38:18,false,"Kungälv - Tröskel 3 x 8 min","9.74","701","00:47:10","135","156","3.5","161","172","4:50","3:40","133","74","1.28","--","--","--","--","0.0","7,592","11.0","Nej","00:03:00","12","27.0","--","--","--","00:46:50","00:47:10","21","65"
Löpning,2025-01-31 12:02:29,false,"Kungälv Löpning","5.75","392","00:30:16","118","137","2.3","157","188","5:16","4:27","180","35","1.21","--","--","--","--","0.0","4,764","9.0","Nej","00:03:54.9","6","28.0","--","--","--","00:29:32","00:30:16","15","44"
Löpning,2025-01-30 12:03:20,false,"Kungälv Löpning","5.74","401","00:29:32","124","141","2.5","160","166","5:09","4:03","30","36","1.21","--","--","--","--","0.0","4,714","13.0","Nej","00:03:53.1","6","28.0","--","--","--","00:29:31","00:29:32","-11","18"
Löpning,2025-01-29 18:17:02,false,"Kungälv - Musses intervall","10.37","784","00:58:27","127","164","3.4","134","192","5:38","3:02","76","74","1.27","--","--","--","--","0.0","8,020","9.0","Nej","00:01:00","25","28.0","--","--","--","00:51:30","00:58:27","5","41"
Löpning,2025-01-28 17:19:51,false,"Kungälv Löpning","12.20","930","01:11:00","130","172","3.8","130","181","5:49","3:16","72","72","1.32","--","--","--","--","0.0","9,516","14.0","Nej","00:00:17.0","21","30.0","--","--","--","00:57:55","01:11:00","6","42"
Löpning,2025-01-28 12:01:56,false,"Kungälv - Bas","5.99","437","00:32:46","123","139","2.5","159","180","5:28","4:33","135","58","1.15","--","--","--","--","0.0","5,212","15.0","Nej","00:05:18.5","6","28.0","--","--","--","00:32:39","00:32:46","12","45"
Löpband,2025-01-27 18:15:47,false,"Löpband","8.67","571","00:51:37","124","171","3.1","133","180","5:57","3:53","--","--","1.26","--","--","--","--","0.0","6,836","24.0","Nej","00:04:17.2","10","29.0","--","--","--","00:42:39","00:51:40","--","--"
Löpning,2025-01-25 09:04:42,false,"Kungälv Löpning","22.40","1,645","01:55:08","138","177","5.0","156","173","5:08","3:46","204","204","1.23","--","--","--","--","0.0","18,034","11.0","Nej","00:04:04.3","23","29.0","--","--","--","01:51:09","01:55:08","-5","65"
Löpning,2025-01-22 17:55:47,false,"Kungälv Löpning","7.96","598","00:39:39","140","174","3.6","160","179","4:59","3:26","156","177","1.25","--","--","--","--","0.0","6,322","11.0","Nej","00:00:58.5","23","28.0","--","--","--","00:39:15","00:39:39","20","48"
Löpning,2025-01-21 17:23:18,false,"Kungälv Löpning","12.76","1,026","01:10:50","136","165","4.3","141","179","5:33","3:12","60","168","1.23","--","--","--","--","0.0","10,298","10.0","Nej","00:02:47.6","18","25.0","--","--","--","01:01:50","01:10:50","21","44"
Löpning,2025-01-18 08:49:04,false,"Kungälv Löpning","21.48","1,605","01:58:04","130","172","4.5","154","172","5:30","3:43","202","191","1.18","--","--","--","--","0.0","18,146","13.0","Nej","00:02:48.0","22","29.0","--","--","--","01:52:42","01:58:04","6","52"
Löpning,2025-01-17 12:07:23,false,"Kungälv - Bas","5.77","417","00:28:07","133","154","3.0","160","178","4:53","4:07","36","35","1.28","--","--","--","--","0.0","4,520","14.0","Nej","00:04:22.2","6","28.0","--","--","--","00:27:45","00:28:07","11","43"
Löpning,2025-01-15 17:44:07,false,"Kungälv - Tröskel 10+10","13.07","978","01:03:16","146","171","4.1","161","173","4:50","3:42","135","109","1.28","--","--","--","--","0.0","10,142","12.0","Nej","00:01:05.9","16","28.0","--","--","--","01:03:06","01:03:16","2","43"
Löpning,2025-01-14 17:22:35,false,"Kungälv Löpning","10.28","805","01:04:09","126","173","3.4","119","240","6:15","2:45","47","42","1.53","--","--","--","--","0.0","8,234","11.0","Nej","00:00:14.4","37","27.0","--","--","--","00:54:57","01:04:09","18","44"
Löpning,2025-01-13 18:07:01,false,"Kungälv Löpning","15.35","1,221","01:21:51","146","180","4.6","147","179","5:20","3:20","147","184","1.25","--","--","--","--","0.0","12,138","10.0","Nej","00:01:00.7","19","28.0","--","--","--","01:14:56","01:21:54","11","48"
Löpning,2025-01-11 07:59:56,false,"Kungälv Löpning","23.19","1,784","01:56:43","147","184","5.0","160","175","5:02","3:52","189","181","1.24","--","--","--","--","0.0","18,674","7.0","Nej","00:01:04.3","24","29.0","--","--","--","01:55:35","01:56:43","-5","49"
Löpning,2025-01-08 18:01:31,false,"Kungälv - Musses intervall","11.63","924","01:14:28","125","158","3.6","121","192","6:24","3:08","150","91","1.22","--","--","--","--","0.0","9,206","8.0","Nej","00:00:21.3","25","28.0","--","--","--","00:56:18","01:14:28","2","42"
Löpning,2025-01-07 17:20:19,false,"Kungälv Löpning","13.27","1,089","01:21:29","128","174","3.9","127","237","6:08","3:11","292","248","1.22","--","--","--","--","0.0","10,688","10.0","Nej","00:00:27.0","36","27.0","--","--","--","01:08:21","01:21:29","14","49"
Löpning,2025-01-07 12:01:35,false,"Kungälv - Bas","5.72","433","00:29:01","138","154","3.1","159","168","5:05","4:22","66","84","1.24","--","--","--","--","0.0","4,656","11.0","Nej","00:03:51.7","6","27.0","--","--","--","00:28:35","00:29:01","10","49"
Löpning,2025-01-06 16:13:37,false,"Kungälv Löpning","11.24","873","00:58:12","142","159","3.7","156","169","5:11","4:17","104","117","1.23","--","--","--","--","0.0","9,126","12.0","Nej","00:02:35.5","12","28.0","--","--","--","00:56:14","00:58:12","10","88"
Löpning,2024-12-25 16:24:37,false,"Kungälv Löpning","10.47","803","00:52:34","142","154","3.6","161","202","5:01","4:15","193","73","1.23","--","--","--","--","0.0","8,470","16.0","Nej","00:02:41.7","11","29.0","--","--","--","00:52:26","00:52:34","5","42"
Löpning,2024-12-24 10:52:02,false,"Kungälv Löpning","14.02","1,005","01:11:49","134","171","4.2","142","250","5:07","3:29","131","31","1.31","--","--","--","--","0.0","10,300","10.0","Nej","00:00:51.9","23","28.0","--","--","--","01:01:37","01:11:49","-100","12"
Löpning,2024-12-23 16:21:33,false,"Kungälv - Bas","11.10","804","00:53:32","134","147","3.6","165","174","4:49","4:02","91","100","1.26","--","--","--","--","0.0","8,820","9.0","Nej","00:00:51.9","12","27.0","--","--","--","00:53:14","00:53:32","13","92"
Löpning,2024-12-21 08:41:57,false,"Kungälv Löpning","26.18","2,573","02:55:53","157","182","5.0","141","246","6:43","1:55","505","509","1.06","--","--","--","--","0.0","25,202","13.0","Nej","00:02:17.9","27","31.0","--","--","--","02:40:18","02:56:36","-102","10"
Löpband,2024-12-20 12:23:12,false,"Bas","8.05","512","00:39:03","129","140","2.6","162","173","4:51","4:10","--","--","1.28","--","--","--","--","0.0","6,272","26.0","Nej","00:00:02.9","10","29.0","--","--","--","00:38:50","00:42:42","--","--"
Löpning,2024-12-18 18:04:18,false,"Kungälv Löpning","13.69","1,038","01:20:18","118","167","3.7","146","187","5:52","3:33","250","426","1.16","--","--","--","--","0.0","11,778","12.0","Nej","00:00:23.9","21","29.0","--","--","--","01:16:28","01:20:18","4","67"
Löpning,2024-12-17 17:08:29,false,"Kungälv Löpning","15.06","1,127","01:25:02","127","169","4.2","135","225","5:39","3:13","73","68","1.30","--","--","--","--","0.0","12,120","12.0","Nej","00:01:01.5","16","26.0","--","--","--","01:16:42","01:25:02","18","47"
Löpning,2024-12-16 18:04:34,false,"Kungälv Löpning","13.72","1,036","01:16:21","132","170","4.2","146","214","5:34","3:37","138","140","1.21","--","--","--","--","0.0","11,240","14.0","Nej","00:01:11.0","15","26.0","--","--","--","01:10:55","01:16:21","-6","41"
Löpning,2024-12-12 12:02:49,false,"Kungälv - Återhämtning","5.96","450","00:32:27","130","151","2.8","158","167","5:26","4:27","64","66","1.16","--","--","--","--","0.0","5,152","10.0","Nej","00:01:01.4","7","28.0","--","--","--","00:32:13","00:33:05","15","56"
Löpning,2024-12-11 18:04:47,false,"Kungälv Löpning","15.34","1,166","01:24:05","133","174","4.3","154","178","5:29","3:33","101","99","1.18","--","--","--","--","0.0","12,966","9.0","Nej","00:00:07.0","11","28.0","--","--","--","01:20:22","01:24:05","-7","34"
Löpning,2024-12-10 17:18:26,false,"Kungälv Löpning","9.91","727","00:58:43","118","180","3.5","132","188","5:55","3:10","55","100","1.27","--","--","--","--","0.0","8,138","8.0","Nej","00:05:15.2","8","26.0","--","--","--","00:49:27","00:58:43","14","43"
Löpning,2024-12-09 16:41:19,false,"Kungälv - Tröskel 3 x 8 min","9.73","731","00:50:12","137","164","3.6","150","172","5:10","3:39","136","80","1.28","--","--","--","--","0.0","7,622","9.0","Nej","00:02:09.6","13","28.0","--","--","--","00:47:10","00:51:38","8","47"
Löpning,2024-12-08 15:47:23,false,"Kungälv - Bas","15.16","1,140","01:17:05","133","159","4.0","159","208","5:05","4:02","122","121","1.24","--","--","--","--","0.0","12,254","10.0","Nej","00:02:51.4","16","27.0","--","--","--","01:16:08","01:18:56","66","104"
Löpning,2024-12-03 12:02:55,false,"Kungälv - Bas","5.98","456","00:29:33","141","155","3.2","159","188","4:56","4:13","56","113","1.27","--","--","--","--","0.0","4,742","11.0","Nej","00:04:39.9","6","27.0","--","--","--","00:28:58","00:29:33","12","50"
Löpning,2024-12-02 18:01:35,false,"Kungälv Löpning","14.86","1,142","01:25:39","131","173","4.1","143","177","5:46","3:50","140","140","1.19","--","--","--","--","0.0","12,446","14.0","Nej","00:01:01.0","18","29.0","--","--","--","01:18:49","01:25:39","181","216"
Löpning,2024-11-23 10:05:07,false,"Kungälv Löpning","24.05","1,755","01:42:22","154","169","5.0","171","180","4:15","3:32","81","86","1.37","--","--","--","--","0.0","17,424","12.0","Nej","00:00:13.7","25","19.0","--","--","--","01:42:13","01:42:22","5","23"
Löpning,2024-11-23 09:39:45,false,"Kungälv Löpning","2.71","228","00:15:49","--","--","0.5","145","182","5:50","4:42","89","14","1.17","--","--","--","--","0.0","2,406","10.0","Nej","00:04:59.1","3","26.0","--","--","--","00:14:46","00:15:49","13","34"
Löpning,2024-11-20 18:03:13,false,"Kungälv Löpning","8.00","610","00:48:24","110","137","2.8","151","179","6:03","4:34","52","94","1.10","--","--","--","--","0.0","7,308","4.0","Nej","00:00:01.8","9","23.0","--","--","--","00:44:43","00:48:24","15","42"
Löpning,2024-11-18 18:15:48,false,"Kungälv Löpning","8.93","741","01:09:42","108","165","3.3","104","214","7:48","3:42","99","104","1.17","--","--","--","--","0.0","7,426","7.0","Nej","00:03:24.9","13","23.0","--","--","--","00:44:49","01:09:42","45","75"
Löpning,2024-11-16 09:02:05,false,"Kungälv Löpning","19.17","1,415","02:00:19","115","159","3.2","151","171","6:17","4:48","290","291","1.05","--","--","--","--","0.0","18,346","15.0","Nej","00:01:13.7","20","21.0","--","--","--","01:57:04","02:00:19","1","86"
Löpning,2024-11-13 18:03:06,false,"Kungälv - Musses intervall","11.28","867","01:10:46","122","171","3.6","128","194","6:17","3:03","81","111","1.19","--","--","--","--","0.0","9,238","14.0","Nej","00:01:00","26","30.0","--","--","--","00:59:13","01:10:46","10","45"
Löpning,2024-11-12 17:21:53,false,"Kungälv Löpning","10.12","783","01:01:31","124","166","3.6","129","190","6:05","3:08","69","54","1.23","--","--","--","--","0.0","7,930","10.0","Nej","00:00:29.3","40","28.0","--","--","--","00:49:48","01:01:31","-34","-4"
Löpning,2024-11-11 18:02:05,false,"Kungälv Löpning","17.75","1,331","01:30:56","135","168","4.6","153","179","5:07","3:33","184","159","1.25","--","--","--","--","0.0","14,012","10.0","Nej","00:01:00.8","12","28.0","--","--","--","01:25:04","01:30:56","3","42"
Löpning,2024-11-09 08:31:53,false,"Kungälv Löpning","30.01","2,274","03:03:24","118","155","4.2","149","225","6:07","4:38","215","207","1.10","--","--","--","--","0.0","27,464","12.0","Nej","00:00:02.4","31","30.0","--","--","--","02:50:57","03:03:24","-27","22"
Löpning,2024-11-07 19:41:08,false,"Kungälv - Återhämtning","6.40","459","00:33:05","123","140","2.4","161","169","5:10","4:11","73","52","1.20","--","--","--","--","0.0","5,350","12.0","Nej","00:02:46.4","7","30.0","--","--","--","00:32:46","00:57:21","-86","-37"
Löpning,2024-11-06 18:18:31,false,"Kungälv Löpning","8.28","672","00:56:04","129","170","3.0","144","191","6:46","3:42","232","229","1.01","--","--","--","--","0.0","8,158","13.0","Nej","00:00:22.2","23","24.0","--","--","--","00:53:31","00:56:04","35","69"
Löpning,2024-11-06 12:03:52,false,"Kungälv - Bas","5.96","437","00:28:49","135","146","3.1","164","172","4:50","3:54","123","69","1.26","--","--","--","--","0.0","4,702","14.0","Nej","00:04:25.7","6","28.0","--","--","--","00:28:49","00:28:49","3","49"
Löpning,2024-11-05 17:23:49,false,"Kungälv Löpning","12.00","930","01:09:31","134","176","3.9","131","188","5:48","3:00","89","54","1.26","--","--","--","--","0.0","9,428","15.0","Nej","00:01:03.1","28","30.0","--","--","--","01:01:20","01:09:31","16","42"
Löpning,2024-11-04 18:15:38,false,"Kungälv Löpning","9.95","755","01:01:17","119","147","3.2","149","181","6:10","3:19","95","101","1.08","--","--","--","--","0.0","9,266","14.0","Nej","00:01:13.8","12","24.0","--","--","--","00:58:41","01:01:17","3","61"
Löpning,2024-11-04 11:59:32,false,"Kungälv Löpning","5.98","431","00:29:35","131","144","3.0","163","180","4:57","4:08","100","60","1.24","--","--","--","--","0.0","4,814","18.0","Nej","00:04:39.8","6","28.0","--","--","--","00:29:34","00:29:35","10","45"
Löpning,2024-10-30 18:01:29,false,"Kungälv Löpning","15.84","1,199","01:28:16","127","176","4.0","152","214","5:34","3:12","93","90","1.16","--","--","--","--","0.0","13,480","16.0","Nej","00:00:00.1","15","28.0","--","--","--","01:23:17","01:28:16","-76","-34"
Löpning,2024-10-29 17:21:54,false,"Kungälv Löpning","11.01","875","01:04:48","134","170","4.0","136","185","5:53","3:06","96","63","1.20","--","--","--","--","0.0","9,138","16.0","Nej","00:00:18.2","19","30.0","--","--","--","00:57:59","01:04:48","22","46"
Löpning,2024-10-28 16:30:35,false,"Kungälv - Tempo","12.86","1,043","01:09:31","154","174","3.7","159","172","5:24","3:52","123","130","1.16","--","--","--","--","0.0","11,004","20.0","Nej","00:00:57.4","18","27.0","--","--","--","01:09:26","01:16:46","-28","52"
Löpning,2024-10-26 08:52:09,false,"Kungälv Löpning","20.39","1,625","02:38:32","115","150","3.4","130","222","7:46","4:51","426","390","0.99","--","--","--","--","0.0","21,644","18.0","Nej","00:02:30.5","21","30.0","--","--","--","02:17:47","02:38:32","9","73"
Löpning,2024-10-25 12:01:49,false,"Kungälv Löpning","5.99","439","00:31:17","126","142","2.6","160","170","5:13","4:25","58","66","1.20","--","--","--","--","0.0","5,010","15.0","Nej","00:05:00.9","6","27.0","--","--","--","00:31:15","00:31:17","10","48"
Löpning,2024-10-24 11:59:21,false,"Kungälv - Bas","5.95","435","00:31:15","126","145","2.6","161","174","5:15","4:12","79","64","1.18","--","--","--","--","0.0","5,032","19.0","Nej","00:04:57.9","6","27.0","--","--","--","00:31:14","00:31:15","3","44"
Löpning,2024-10-23 18:03:45,false,"Kungälv Löpning","16.33","1,272","01:45:19","119","159","3.6","138","181","6:27","3:42","332","325","1.09","--","--","--","--","0.0","14,964","17.0","Nej","00:00:23.5","28","24.0","--","--","--","01:33:24","01:45:19","1","60"
Löpning,2024-10-22 19:48:39,false,"Kungälv - Bas","10.43","763","00:54:01","130","152","3.1","162","170","5:11","4:30","67","71","1.19","--","--","--","--","0.0","8,724","18.0","Nej","00:00:55.8","12","30.0","--","--","--","00:53:17","00:54:01","2","43"
Löpning,2024-10-21 16:21:11,false,"Kungälv - Tröskel 3x3km","11.80","956","00:59:43","151","170","4.5","161","194","5:04","3:20","134","132","1.22","--","--","--","--","0.0","9,616","22.0","Nej","00:01:00","15","28.0","--","--","--","00:59:00","00:59:43","83","144"
Löpning,2024-10-21 12:01:29,false,"Kungälv - Bas","5.71","451","00:30:39","136","150","3.0","159","174","5:22","4:30","61","69","1.17","--","--","--","--","0.0","4,886","19.0","Nej","00:03:41.7","6","27.0","--","--","--","00:30:34","00:30:39","76","118"
Löpning,2024-10-12 08:42:25,false,"Kungälv Löpning","18.53","1,381","01:39:25","132","153","3.6","159","170","5:22","4:26","140","144","1.17","--","--","--","--","0.0","15,900","18.0","Nej","00:03:03.0","19","30.0","--","--","--","01:38:46","01:39:25","-2","44"
Löpning,2024-10-09 18:07:43,false,"Kungälv Löpning","13.63","1,056","01:30:03","120","166","3.1","140","236","6:36","2:54","260","291","1.06","--","--","--","--","0.0","12,762","18.0","Nej","00:00:04.5","34","29.0","--","--","--","01:23:25","01:30:03","9","61"
Löpning,2024-10-07 18:16:14,false,"Kungälv - Tröskel 30min","11.53","874","01:02:53","133","160","3.9","147","185","5:27","3:37","93","96","1.22","--","--","--","--","0.0","9,344","18.0","Nej","00:01:15.8","13","24.0","--","--","--","00:57:10","01:02:53","38","67"
Löpning,2024-10-06 08:52:20,false,"Kungälv Löpning","27.00","2,011","02:32:58","124","148","3.9","154","171","5:40","4:42","211","227","1.14","--","--","--","--","0.0","23,654","16.0","Nej","00:05:03.2","27","30.0","--","--","--","02:25:57","02:32:58","18","85"
Löpning,2024-10-04 16:22:13,false,"Kungälv - Bas","11.30","823","00:58:46","130","168","3.1","161","170","5:12","4:33","102","100","1.20","--","--","--","--","0.0","9,428","21.0","Nej","00:02:26.4","12","28.0","--","--","--","00:57:56","00:58:46","24","88"
Löpning,2024-10-04 11:59:51,false,"Kungälv - Bas","5.88","428","00:31:03","125","143","2.4","159","177","5:17","4:24","51","52","1.19","--","--","--","--","0.0","4,986","21.0","Nej","00:04:26.1","6","28.0","--","--","--","00:30:20","00:31:03","16","47"
Löpning,2024-10-03 20:12:49,false,"Kungälv - Bas","11.49","813","00:55:04","130","144","3.3","166","173","4:48","4:06","94","89","1.26","--","--","--","--","0.0","9,108","13.0","Nej","00:02:54.4","12","28.0","--","--","--","00:55:02","00:55:04","7","43"
Löpning,2024-10-02 18:05:56,false,"Kungälv Löpning","14.46","1,115","01:22:06","132","172","3.9","141","233","5:41","3:16","124","98","1.21","--","--","--","--","0.0","11,924","16.0","Nej","00:02:00.2","18","24.0","--","--","--","01:13:24","01:22:06","8","63"
Löpning,2024-09-30 16:23:45,false,"Kungälv - Tröskel 30min","11.08","800","00:50:08","141","161","3.9","163","175","4:31","3:31","93","91","1.35","--","--","--","--","0.0","8,198","21.0","Nej","00:01:28.5","12","29.0","--","--","--","00:49:13","00:50:08","22","89"
Löpning,2024-09-28 08:32:23,false,"Kungälv Löpning","31.60","2,452","03:09:43","125","157","4.3","151","205","6:00","4:38","234","225","1.10","--","--","--","--","0.0","28,756","15.0","Nej","00:03:11.1","32","28.0","--","--","--","02:59:36","03:09:43","6","50"
Löpning,2024-09-25 18:50:45,false,"Kungälv - Intervall 8 x 3 min","11.98","861","01:00:23","134","170","3.7","152","192","5:02","3:12","77","77","1.27","--","--","--","--","0.0","9,450","17.0","Nej","00:00:35.3","21","23.0","--","--","--","00:59:57","01:00:23","21","43"
Löpning,2024-09-23 15:40:25,false,"Kungälv - Tröskel 3 x 8 min","11.28","820","00:53:24","135","160","3.7","161","176","4:44","3:44","93","90","1.31","--","--","--","--","0.0","8,594","25.0","Nej","00:00:05.3","15","30.0","--","--","--","00:53:07","00:53:24","22","84"
Löpning,2024-09-22 14:21:20,false,"Kungälv Löpning","20.91","1,469","01:34:06","141","174","4.7","165","180","4:30","3:41","140","135","1.35","--","--","--","--","0.0","15,490","24.0","Nej","00:03:57.5","21","29.0","--","--","--","01:33:12","01:34:06","12","43"
Löpning,2024-09-21 16:56:55,false,"Kungälv Löpning","4.91","370","00:38:26","108","140","2.2","86","174","7:50","4:25","43","12","1.51","--","--","--","--","0.0","2,892","25.0","Nej","00:05:03.5","5","32.0","--","--","--","00:27:37","00:40:47","12","46"
Löpning,2024-09-21 14:11:21,false,"Kungälv Löpning","4.08","300","00:24:00","118","150","2.3","129","169","5:53","3:59","15","30","1.32","--","--","--","--","0.0","2,970","29.0","Nej","00:00:28.0","5","33.0","--","--","--","00:21:51","00:24:00","15","34"
Löpning,2024-09-21 13:03:06,false,"Kungälv Löpning","2.36","162","00:18:31","95","122","0.9","87","167","7:50","4:01","8","33","1.50","--","--","--","--","0.0","1,928","29.0","Nej","00:04:26.8","3","32.0","--","--","--","00:15:13","00:18:31","9","41"
Löpning,2024-09-20 12:01:03,false,"Kungälv - Återhämtning","5.99","431","00:32:01","124","139","2.4","159","171","5:21","4:35","55","51","1.18","--","--","--","--","0.0","5,086","26.0","Nej","00:00:00.9","7","31.0","--","--","--","00:31:34","00:32:01","11","42"
Löpning,2024-09-19 19:40:51,false,"Kungälv - Intervall 8 x 3 min","11.54","837","00:59:03","133","169","3.7","148","190","5:07","3:06","70","69","1.27","--","--","--","--","0.0","9,102","19.0","Nej","00:00:29.5","21","29.0","--","--","--","00:56:48","00:59:03","27","42"
Löpning,2024-09-19 12:07:23,false,"Kungälv Löpning","5.93","432","00:31:00","128","143","2.6","158","173","5:13","4:07","50","53","1.21","--","--","--","--","0.0","4,952","24.0","Nej","00:04:51.6","6","30.0","--","--","--","00:30:45","00:31:00","1","33"
Löpband,2024-09-18 19:54:02,false,"Löpband","10.38","691","01:02:38","124","162","3.0","133","210","6:02","3:23","--","--","1.25","--","--","--","--","0.0","8,322","26.0","Nej","00:04:00.9","12","29.0","--","--","--","00:50:46","01:02:38","--","--"
Löpning,2024-09-16 18:18:10,false,"Kungälv - Tröskel 3 x 8 min","9.43","726","00:53:23","134","169","3.5","145","197","5:40","3:07","129","135","1.18","--","--","--","--","0.0","7,814","20.0","Nej","00:00:00.1","13","27.0","--","--","--","00:50:28","00:53:24","33","69"
Löpning,2024-09-16 12:03:15,false,"Kungälv Löpning","6.01","421","00:32:15","121","148","2.5","154","170","5:22","4:08","74","52","1.21","--","--","--","--","0.0","5,004","24.0","Nej","00:00:02.2","7","29.0","--","--","--","00:31:49","00:32:15","12","42"
Löpning,2024-09-14 08:36:57,false,"Ale Löpning","21.18","1,787","02:22:14","125","154","3.7","149","200","6:43","2:29","546","336","1.00","--","--","--","--","0.0","21,388","15.0","Nej","00:01:47.4","22","25.0","--","--","--","02:16:15","02:22:14","-113","109"
Löpning,2024-09-11 18:38:15,false,"Kungälv Löpning","9.96","741","00:51:48","131","171","3.5","154","222","5:12","3:20","158","153","1.23","--","--","--","--","0.0","8,230","16.0","Nej","00:00:23.3","21","25.0","--","--","--","00:50:36","00:51:48","30","51"
Löpning,2024-09-09 18:08:50,false,"Kungälv - Tempo","12.61","912","00:58:12","142","158","4.1","165","178","4:37","2:20","77","78","1.31","--","--","--","--","0.0","9,636","20.0","Nej","00:00:22.8","14","30.0","--","--","--","00:57:33","00:58:12","1","42"
Löpning,2024-09-07 08:23:13,false,"Kungälv - Bas","20.45","1,599","02:13:11","123","151","3.5","151","191","6:31","4:39","360","352","1.01","--","--","--","--","0.0","20,500","22.0","Nej","00:00:36.4","22","31.0","--","--","--","02:10:37","02:13:11","10","138"
Löpning,2024-09-06 12:01:43,false,"Kungälv - Bas","6.74","446","00:31:59","127","143","2.6","163","169","4:45","3:09","46","42","1.29","--","--","--","--","0.0","5,184","27.0","Nej","00:03:31.2","7","36.0","--","--","--","00:31:39","00:38:50","29","56"
Löpning,2024-09-04 18:11:25,false,"Kungälv Löpning","15.65","1,211","01:29:19","139","176","4.2","137","187","5:42","2:24","145","120","1.24","--","--","--","--","0.0","12,616","27.0","Nej","00:01:00.7","25","31.0","--","--","--","01:20:52","01:29:19","-9","48"
Löpning,2024-09-03 12:06:58,false,"Kungälv - Bas","5.98","441","00:31:56","128","145","2.7","159","168","5:21","4:20","45","49","1.18","--","--","--","--","0.0","5,078","27.0","Nej","00:05:03.6","6","32.0","--","--","--","00:31:54","00:31:56","26","57"
Löpning,2024-09-02 18:03:49,false,"Kungälv Löpning","15.40","1,178","01:30:30","130","167","3.9","144","220","5:53","2:41","203","204","1.15","--","--","--","--","0.0","13,144","22.0","Nej","00:01:00.4","16","29.0","--","--","--","01:21:52","01:30:30","7","66"
Löpning,2024-09-02 12:06:40,false,"Kungälv - Bas","5.93","422","00:31:39","124","138","2.5","159","182","5:20","4:19","50","69","1.18","--","--","--","--","0.0","5,056","22.0","Nej","00:05:00.1","6","28.0","--","--","--","00:31:37","00:31:39","12","44"
Löpning,2024-08-31 13:04:12,false,"Kungälv Löpning","6.32","489","00:26:20","170","185","4.4","167","201","4:10","2:43","131","129","1.43","--","--","--","--","0.0","4,414","23.0","Nej","00:01:05.4","7","31.0","--","--","--","00:26:14","00:26:20","51","96"
Löpning,2024-08-31 08:55:45,false,"Kungälv - Bas","14.01","1,060","01:09:17","144","173","4.4","164","181","4:57","3:34","142","117","1.23","--","--","--","--","0.0","11,310","22.0","Nej","00:00:07.9","15","27.0","--","--","--","01:09:07","01:09:17","4","66"
Löpning,2024-08-28 18:21:48,false,"Kungälv Löpning","9.72","841","01:06:02","131","172","3.2","134","179","6:48","4:02","231","202","1.09","--","--","--","--","0.0","9,110","25.0","Nej","00:00:52.0","16","31.0","--","--","--","00:58:46","01:06:02","5","65"
Löpning,2024-08-26 17:51:43,false,"Kungälv - Bas","9.92","696","00:51:57","126","140","3.0","158","167","5:14","4:38","72","67","1.21","--","--","--","--","0.0","8,202","23.0","Nej","00:00:13.9","11","28.0","--","--","--","00:51:27","00:51:57","44","80"
Löpning,2024-08-24 11:04:04,false,"Göteborg - Veteran VM 2024 21km road race","21.27","1,628","01:29:51","168","179","5.0","169","191","4:13","3:11","285","285","1.40","--","--","--","--","0.0","15,170","22.0","Nej","00:00:53.1","22","28.0","--","--","--","01:29:43","01:29:51","24","55"
Löpning,2024-08-21 18:21:28,false,"Kungälv Löpning","9.19","710","01:01:37","118","166","3.1","126","226","6:42","2:20","117","98","1.14","--","--","--","--","0.0","8,004","23.0","Nej","00:00:15.8","29","28.0","--","--","--","00:51:31","01:11:11","14","48"
Löpning,2024-08-18 13:00:24,false,"Göteborg - Veteran VM 2024 10km road race","10.11","714","00:39:58","159","174","4.6","170","189","3:57","3:15","131","129","1.49","--","--","--","--","0.0","6,780","22.0","Nej","00:00:21.7","11","26.0","--","--","--","00:39:55","00:39:58","27","57"
Löpning,2024-08-14 18:23:31,false,"Kungälv Löpning","8.19","722","00:54:05","138","171","3.2","132","187","6:36","3:17","256","253","1.11","--","--","--","--","0.0","7,398","26.0","Nej","00:00:22.5","27","29.0","--","--","--","00:46:44","00:54:05","37","68"
Löpning,2024-08-13 20:27:46,false,"Kungälv - Bas","9.28","659","00:45:16","134","146","3.2","164","172","4:53","4:19","73","67","1.25","--","--","--","--","0.0","7,440","24.0","Nej","00:03:12.4","10","33.0","--","--","--","00:45:13","00:45:16","155","195"
Löpning,2024-08-10 14:13:59,false,"Paralimni - Tempo","10.67","853","00:57:39","145","165","3.7","151","168","5:24","4:03","56","56","1.22","--","--","--","--","0.0","8,730","31.0","Nej","00:03:00","13","41.0","--","--","--","00:56:37","00:57:39","1","8"
Löpning,2024-08-09 13:23:21,false,"Paralimni Löpning","8.00","620","00:47:22","125","142","2.8","148","159","5:55","3:15","51","42","1.14","--","--","--","--","0.0","7,066","32.0","Nej","00:00:02.1","9","39.0","--","--","--","00:45:35","00:47:22","0","19"
Löpning,2024-08-08 16:22:29,false,"Paralimni - Sprint","6.67","560","00:43:41","132","162","2.7","140","200","6:33","2:53","47","48","1.08","--","--","--","--","0.0","6,286","32.0","Nej","00:00:10.7","17","38.0","--","--","--","00:42:48","00:43:41","--","13"
Löpning,2024-08-07 12:42:07,false,"Paralimni - Bas","7.87","632","00:44:47","134","152","3.1","148","163","5:42","4:49","48","36","1.19","--","--","--","--","0.0","6,764","33.0","Nej","00:05:14.0","8","39.0","--","--","--","00:42:53","00:44:47","2","22"
Löpning,2024-08-06 13:05:57,false,"Paralimni - Tröskel","11.07","869","00:59:46","145","168","4.0","148","170","5:24","2:57","74","61","1.24","--","--","--","--","0.0","8,988","32.0","Nej","00:00:24.4","14","39.0","--","--","--","00:57:41","00:59:46","0","24"
Löpning,2024-08-04 12:33:19,false,"Kungälv Löpning","5.86","377","00:41:25","99","131","1.7","116","194","7:04","3:31","108","101","1.24","--","--","--","--","0.0","5,164","23.0","Nej","00:06:10.5","6","30.0","--","--","--","00:39:12","00:41:25","38","73"
Löpning,2024-08-03 08:31:45,false,"Kungälv - Bas","30.23","2,306","02:54:49","127","146","4.3","154","231","5:47","4:44","262","263","1.12","--","--","--","--","0.0","27,022","25.0","Nej","00:02:36.0","31","32.0","--","--","--","02:47:53","02:54:49","0","84"
Löpning,2024-08-01 15:00:50,false,"Örebro - Tröskel","8.49","632","00:40:20","145","166","3.7","160","231","4:45","3:33","48","48","1.31","--","--","--","--","0.0","6,456","27.0","Nej","00:00:05.4","12","33.0","--","--","--","00:40:09","00:40:20","33","43"
Löpning,2024-07-31 15:22:26,false,"Örebro - Bas","10.98","796","00:58:27","128","139","3.1","156","225","5:19","4:15","53","52","1.21","--","--","--","--","0.0","9,134","27.0","Nej","00:02:04.5","12","34.0","--","--","--","00:57:34","00:58:27","32","63"
Löpning,2024-07-30 15:02:41,false,"Örebro Löpning","11.40","868","00:56:07","146","174","4.0","152","228","4:55","3:20","52","47","1.31","--","--","--","--","0.0","8,630","29.0","Nej","00:00:59.9","16","33.0","--","--","--","00:54:50","00:56:07","29","44"
Löpning,2024-07-29 16:57:54,false,"Örebro - Tröskel 3 x 8 min","9.48","720","00:48:40","140","163","3.6","152","184","5:08","3:45","41","44","1.28","--","--","--","--","0.0","7,400","28.0","Nej","00:00:26.4","13","32.0","--","--","--","00:47:01","00:48:40","41","57"
Löpning,2024-07-28 08:33:09,false,"Örebro Löpning","10.09","739","00:57:29","123","145","2.8","158","163","5:42","4:54","48","45","1.11","--","--","--","--","0.0","9,042","24.0","Nej","00:00:31.3","11","30.0","--","--","--","00:57:18","00:57:29","25","58"
Löpning,2024-07-25 16:15:27,false,"Kungälv - Återhämtning","12.32","910","01:11:36","124","139","3.0","151","161","5:49","3:11","119","116","1.14","--","--","--","--","0.0","10,880","26.0","Nej","00:00:05.4","14","31.0","--","--","--","01:10:58","01:11:36","-26","18"
Löpning,2024-07-24 18:11:16,false,"Kungälv Löpning","11.72","956","01:18:12","127","169","3.4","126","212","6:40","2:25","132","132","1.20","--","--","--","--","0.0","10,390","26.0","Nej","00:00:16.7","32","30.0","--","--","--","01:05:56","01:18:12","-31","4"
Löpning,2024-07-23 17:27:09,false,"Kungälv Löpning","12.87","1,035","01:17:25","133","177","4.5","127","177","6:01","3:16","74","67","1.27","--","--","--","--","0.0","10,102","23.0","Nej","00:01:59.9","16","31.0","--","--","--","01:03:38","01:17:25","-27","1"
Löpning,2024-07-10 18:07:24,false,"Kungälv Löpning","13.18","1,062","01:34:32","122","175","3.6","107","196","7:10","2:53","83","84","1.22","--","--","--","--","0.0","10,598","24.0","Nej","00:00:29.0","51","32.0","--","--","--","01:11:21","01:34:32","45","76"
Löpning,2024-07-09 17:24:57,false,"Kungälv Löpning","11.97","891","01:06:25","121","171","3.8","143","216","5:33","2:57","84","59","1.23","--","--","--","--","0.0","9,726","24.0","Nej","00:00:42.0","22","30.0","--","--","--","01:03:12","01:06:25","-32","12"
Löpning,2024-07-08 17:58:45,false,"Kungälv Löpning","1.82","166","00:21:25","95","121","0.8","78","176","11:45","5:35","21","3","1.12","--","--","--","--","0.0","1,900","25.0","Nej","00:10:41","2","27.0","--","--","--","00:13:01","00:21:25","2","20"
Löpning,2024-07-08 16:58:18,false,"Kungälv Löpning","3.04","177","00:17:59","96","114","1.1","123","165","5:55","1:37","1","35","1.38","--","--","--","--","0.0","2,496","24.0","Nej","00:00:13.5","4","28.0","--","--","--","00:15:10","00:17:59","9","44"
Löpning,2024-07-08 09:03:46,false,"Kungälv - Tröskel 3 x 8 min","10.91","799","00:52:31","138","166","3.9","162","174","4:49","3:35","70","95","1.28","--","--","--","--","0.0","8,510","19.0","Nej","00:00:02.0","15","29.0","--","--","--","00:52:08","00:53:02","-6","42"
Löpning,2024-07-06 09:03:04,false,"Kungälv - Bas","19.28","1,436","02:03:24","111","139","3.2","151","172","6:24","4:31","158","156","1.04","--","--","--","--","0.0","18,674","22.0","Nej","00:03:09.1","20","28.0","--","--","--","01:57:00","02:03:24","7","48"
Löpning,2024-07-03 18:04:06,false,"Kungälv Löpning","10.17","863","01:20:12","120","173","3.7","97","187","7:53","2:55","83","86","1.23","--","--","--","--","0.0","8,568","23.0","Nej","00:00:45.0","23","30.0","--","--","--","00:50:33","01:20:12","13","43"
Löpning,2024-07-03 12:03:29,false,"Kungälv Löpning","6.02","452","00:32:47","128","145","2.7","157","167","5:27","4:27","98","62","1.17","--","--","--","--","0.0","5,160","24.0","Nej","00:00:05.9","7","29.0","--","--","--","00:32:33","00:32:47","6","41"
Löpning,2024-07-01 17:40:25,false,"Kungälv - 60 min löppning","13.22","986","01:04:28","139","170","4.1","162","186","4:52","3:19","127","134","1.26","--","--","--","--","0.0","10,458","24.0","Nej","00:02:00","15","30.0","--","--","--","01:03:30","01:04:28","-41","45"
Löpning,2024-06-26 18:18:48,false,"Kungälv Löpning","9.02","760","01:06:44","126","169","3.3","108","203","7:24","2:47","56","31","1.23","--","--","--","--","0.0","7,796","29.0","Nej","00:00:15.8","30","33.0","--","--","--","00:48:42","01:06:44","19","48"
Löpning,2024-06-26 12:03:39,false,"Kungälv - Bas","6.01","459","00:31:40","133","145","3.0","160","172","5:16","4:03","51","56","1.19","--","--","--","--","0.0","5,072","28.0","Nej","00:00:01.7","7","33.0","--","--","--","00:31:35","00:31:40","-13","18"
Löpning,2024-06-24 18:19:42,false,"Kungälv Löpning","10.77","787","00:53:00","136","167","3.9","136","200","4:55","1:58","124","130","1.82","--","--","--","--","0.0","7,372","24.0","Nej","00:01:54.4","10","30.0","--","--","--","00:50:33","00:53:00","34","68"
Löpning,2024-06-23 10:06:00,false,"Kungälv - Bas","15.56","1,130","01:28:11","117","137","3.2","159","196","5:40","4:49","110","113","1.11","--","--","--","--","0.0","14,110","21.0","Nej","00:03:03.3","16","29.0","--","--","--","01:27:12","01:28:11","1","41"
Löpning,2024-06-20 12:05:10,false,"Kungälv Löpning","6.01","449","00:33:37","124","142","2.5","159","178","5:36","4:53","128","66","1.12","--","--","--","--","0.0","5,390","23.0","Nej","00:00:02.2","7","28.0","--","--","--","00:33:35","00:33:37","4","42"
Löpning,2024-06-19 18:11:39,false,"Kungälv Löpning","10.13","800","01:05:45","128","177","3.4","123","208","6:29","2:47","123","112","1.20","--","--","--","--","0.0","8,416","24.0","Nej","00:00:58.5","16","29.0","--","--","--","00:53:34","01:05:45","21","58"
Löpning,2024-06-18 12:04:42,false,"Kungälv - Bas","6.11","467","00:31:42","132","146","3.0","160","168","5:12","4:06","60","66","1.20","--","--","--","--","0.0","5,074","21.0","Nej","00:00:33.5","7","27.0","--","--","--","00:31:40","00:31:42","-42","-4"
Löpning,2024-06-17 18:19:22,false,"Kungälv Löpning","10.03","773","01:01:33","130","168","3.8","130","198","6:08","3:01","148","145","1.23","--","--","--","--","0.0","8,104","23.0","Nej","00:01:00.1","9","32.0","--","--","--","00:49:35","01:01:33","35","69"
Löpning,2024-06-15 13:18:08,false,"Kungälv Löpning","10.12","700","00:40:02","153","178","5.0","170","192","3:57","3:04","49","51","1.49","--","--","--","--","0.0","6,768","23.0","Nej","00:00:24.8","11","26.0","--","--","--","00:39:59","00:40:02","3","16"
Löpning,2024-06-12 18:19:00,false,"Kungälv Löpning","9.44","779","01:06:28","126","175","3.4","110","215","7:03","2:39","119","95","1.33","--","--","--","--","0.0","7,734","19.0","Nej","00:00:03.4","37","26.0","--","--","--","00:52:46","01:06:28","17","54"
Löpning,2024-06-10 16:29:15,false,"Kungälv - Tröskel 3 x 8 min","11.27","852","00:52:55","149","170","4.2","165","182","4:42","3:36","100","133","1.29","--","--","--","--","0.0","8,750","23.0","Nej","00:03:00","13","29.0","--","--","--","00:52:38","00:52:55","19","83"
Löpning,2024-06-08 08:33:04,false,"Kungälv Löpning","20.39","1,586","02:18:10","121","149","3.3","150","188","6:47","5:02","401","401","0.98","--","--","--","--","0.0","20,924","19.0","Nej","00:02:17.1","21","25.0","--","--","--","02:12:18","02:18:10","9","74"
Löpning,2024-06-07 14:47:05,false,"Kungälv - Bas","6.88","546","00:36:19","134","160","3.3","159","205","5:16","1:50","165","160","1.19","--","--","--","--","0.0","5,818","22.0","Nej","00:00:18.8","8","29.0","--","--","--","00:36:15","00:36:19","16","49"
Löpning,2024-06-05 18:18:12,false,"Kungälv Löpning","9.27","741","00:59:06","135","177","3.8","135","248","6:23","2:58","106","102","1.17","8.1","8.9","280","50.1% vänster/49.9% höger","0.0","7,644","19.0","Nej","00:00:36.8","22","26.0","31","14","52","00:49:01","00:59:06","-5","43"
Löpning,2024-06-03 18:05:40,false,"Kungälv Löpning","15.40","1,198","01:30:39","137","170","3.9","154","256","5:53","2:53","260","258","1.07","9.8","10.5","282","50.0% vänster/50.0% höger","0.0","13,806","21.0","Nej","00:02:00.8","18","29.0","32","12","49","01:27:42","01:45:49","34","69"
Löpning,2024-06-01 08:51:17,false,"Kungälv Löpning","18.13","1,473","01:41:47","148","168","4.1","158","230","5:37","4:27","130","132","1.12","9.2","10.6","279","49.2% vänster/50.8% höger","0.0","15,964","27.0","Nej","00:02:10.3","19","33.0","35","14","46","01:40:25","01:41:47","3","41"
Löpning,2024-05-29 18:20:07,false,"Kungälv Löpning","8.78","708","00:54:55","136","181","3.6","140","256","6:15","3:02","110","98","1.12","8.6","9.3","293","49.6% vänster/50.4% höger","0.0","7,444","23.0","Nej","00:00:42.4","16","25.0","32","14","59","00:49:58","00:55:11","13","48"
Löpning,2024-05-27 18:12:29,false,"Kungälv Löpning","10.82","857","01:05:22","140","172","4.2","139","256","6:02","3:44","103","107","1.17","8.7","10.0","292","49.2% vänster/50.8% höger","0.0","8,822","24.0","Nej","00:01:01.5","9","29.0","33","15","51","00:56:06","01:05:22","36","67"
Löpning,2024-05-18 13:01:19,false,"Göteborg Löpning","21.40","1,713","01:31:20","171","178","5.0","168","191","4:16","3:10","164","162","1.38","7.7","11.0","248","48.7% vänster/51.3% höger","0.0","15,320","27.0","Nej","00:01:33.2","22","36.0","48","28","66","01:31:15","01:31:20","5","60"
Löpning,2024-05-18 12:12:47,false,"Göteborg Löpning","1.64","126","00:08:25.6","138","150","2.1","156","256","5:08","4:25","--","--","1.26","9.0","11.7","279","48.7% vänster/51.3% höger","0.0","1,306","31.0","Nej","00:03:21.8","2","32.0","31","17","35","00:08:22.8","00:08:25.6","-11","-9"
Löpning,2024-04-29 16:16:23,false,"Kungälv - Bas","7.94","544","00:38:53","126","143","3.0","160","166","4:54","3:58","51","53","1.27","8.5","11.0","270","49.6% vänster/50.4% höger","0.0","6,184","22.0","Nej","00:04:24.2","8","30.0","33","16","42","00:38:30","00:40:48","19","40"
Löpning,2024-04-25 17:49:46,false,"Kungälv Löpning","8.61","623","00:51:16","119","158","3.2","144","216","5:58","3:38","66","99","1.17","8.1","9.6","297","50.6% vänster/49.4% höger","0.0","7,190","15.0","Nej","00:02:34.3","10","29.0","28","11","41","00:45:37","00:51:16","15","45"
Löpning,2024-04-24 18:26:16,false,"Kungälv - Bas","6.66","487","00:34:56","129","157","3.0","149","233","5:15","2:55","60","132","1.26","8.7","10.6","281","50.4% vänster/49.6% höger","0.0","5,116","15.0","Nej","00:03:42.3","7","20.0","29","18","39","00:32:40","00:34:56","4","42"
Löpning,2024-04-22 18:19:15,false,"Kungälv Löpning","9.87","732","01:00:44","123","164","3.3","147","256","6:09","3:41","162","159","1.06","9.0","9.3","290","50.5% vänster/49.5% höger","0.0","8,756","11.0","Nej","00:00:31.9","21","28.0","29","14","45","00:57:21","01:00:44","33","85"
Löpning,2024-04-22 12:03:26,false,"Kungälv Löpning","5.97","443","00:30:24","129","143","2.9","162","180","5:06","4:17","134","74","1.21","--","--","--","--","0.0","4,914","12.0","Nej","00:04:41.3","6","29.0","--","--","--","00:30:14","00:30:24","12","55"
Löpning,2024-04-19 12:07:43,false,"Kungälv - Bas","5.97","451","00:31:12","131","150","2.8","162","181","5:14","4:17","61","60","1.18","--","--","--","--","0.0","5,068","16.0","Nej","00:04:55.5","6","28.0","--","--","--","00:31:07","00:31:12","13","49"
Löpning,2024-04-13 08:35:20,false,"Kungälv Löpning","19.29","1,461","01:52:09","131","169","4.2","156","231","5:49","3:44","271","273","1.08","9.0","9.6","295","50.3% vänster/49.8% höger","0.0","17,220","15.0","Nej","00:02:20.3","20","27.0","31","11","52","01:49:12","01:52:09","0","80"
Löpband,2024-04-10 19:44:04,false,"Intervall 4 x 4 min","9.80","553","00:50:04","131","171","3.1","157","177","5:07","3:50","--","--","1.26","7.7","9.8","277","50.3% vänster/49.7% höger","0.0","7,774","22.0","Nej","00:00:02.0","16","28.0","32","12","56","00:48:56","00:50:04","--","--"
Löpning,2024-04-10 12:03:08,false,"Kungälv Löpning","6.08","452","00:31:32","131","152","2.8","162","172","5:11","4:24","76","78","1.19","--","--","--","--","0.0","5,104","17.0","Nej","00:00:22.8","7","29.0","--","--","--","00:31:30","00:31:32","12","41"
Löpning,2024-04-08 18:19:17,false,"Kungälv - Bas","10.12","743","01:09:46","110","143","2.4","154","215","6:54","4:45","231","230","0.90","10.6","9.5","304","50.2% vänster/49.8% höger","0.0","10,648","19.0","Nej","00:02:35.9","11","27.0","26","16","36","01:09:04","01:09:46","12","75"
Löpning,2024-04-08 12:03:54,false,"Kungälv - Bas","6.00","444","00:30:16","132","146","2.8","159","173","5:02","4:10","55","58","1.25","--","--","--","--","0.0","4,884","22.0","Nej","00:00:00.7","7","28.0","--","--","--","00:30:10","00:30:16","42","76"
Löpning,2024-04-06 08:04:08,false,"Kungälv Löpning","30.11","2,259","03:10:58","115","150","3.6","154","256","6:21","5:12","227","232","1.02","8.9","9.3","286","50.1% vänster/49.9% höger","0.0","29,058","11.0","Nej","00:00:35.2","32","19.0","28","11","42","02:58:00","03:10:58","-6","77"
Löpning,2024-04-04 19:40:11,false,"Kungälv - Återhämtning","11.31","777","00:56:23","134","160","3.1","164","256","4:59","4:26","100","194","1.23","8.1","10.2","269","50.5% vänster/49.5% höger","0.0","9,216","10.0","Nej","00:00:10.3","13","29.0","30","14","40","00:56:09","00:56:23","19","92"
Löpning,2024-04-03 18:05:56,false,"Kungälv - Bas","14.50","1,011","01:19:03","116","138","3.0","164","256","5:27","4:08","120","111","1.12","8.5","9.7","275","50.4% vänster/49.6% höger","0.0","12,900","8.0","Nej","00:00:36.0","16","30.0","28","12","42","01:18:23","01:22:12","-8","28"
Löpning,2024-04-02 17:08:56,false,"Kungälv Löpning","14.19","1,095","01:25:15","131","168","3.8","148","256","6:00","3:37","158","156","1.10","8.0","8.7","290","50.2% vänster/49.8% höger","0.0","12,348","5.0","Nej","00:00:23.0","25","27.0","32","12","48","01:17:51","01:25:15","-11","33"
Löpning,2024-03-30 08:02:22,false,"Kungälv Löpning","23.47","1,714","02:09:46","125","166","4.5","157","256","5:32","3:32","136","140","1.16","8.4","9.9","279","50.0% vänster/50.0% höger","0.0","20,092","15.0","Nej","00:03:42.7","24","23.0","32","12","54","02:02:41","02:09:46","-2","34"
Löpning,2024-03-28 12:03:06,false,"Kungälv Löpning","5.97","451","00:31:47","129","144","2.7","160","187","5:19","4:15","48","142","1.17","--","--","--","--","0.0","5,126","19.0","Nej","00:04:59.2","6","28.0","--","--","--","00:31:31","00:31:47","9","42"
Löpning,2024-03-27 18:20:37,false,"Kungälv Löpning","8.19","674","00:58:09","129","169","3.0","135","248","7:06","3:44","274","272","1.02","9.6","9.7","290","51.2% vänster/48.8% höger","0.0","7,582","17.0","Nej","00:00:26.4","27","26.0","29","12","44","00:48:04","00:58:09","33","69"
Löpning,2024-03-27 12:05:08,false,"Kungälv - Bas","6.02","453","00:31:22","133","148","2.8","161","177","5:12","3:54","53","118","1.19","--","--","--","--","0.0","5,042","21.0","Nej","00:00:06.9","7","28.0","--","--","--","00:31:20","00:31:22","8","43"
Löpning,2024-03-26 17:11:51,false,"Kungälv Löpning","13.06","948","01:10:20","136","172","4.3","155","256","5:23","3:05","81","78","1.24","7.0","8.6","283","50.8% vänster/49.2% höger","0.0","10,204","13.0","Nej","00:00:08.3","33","21.0","31","11","50","01:01:11","01:10:42","16","44"
Löpning,2024-03-25 18:20:32,false,"Kungälv - Tröskel 3 x 8 min","9.35","724","00:51:43","140","165","3.5","153","198","5:32","3:07","135","139","1.14","9.1","10.2","283","50.3% vänster/49.8% höger","0.0","7,814","11.0","Nej","00:00:21.3","13","18.0","33","16","44","00:48:44","00:51:43","29","65"
Löpning,2024-03-25 12:02:21,false,"Kungälv - Bas","5.99","445","00:30:39","133","145","2.9","160","172","5:07","4:09","51","54","1.21","--","--","--","--","0.0","4,976","14.0","Nej","00:04:55.9","6","28.0","--","--","--","00:30:29","00:30:39","15","50"
Löpning,2024-03-24 13:58:05,false,"Kungälv Löpning","19.45","1,414","01:39:31","134","154","3.9","160","172","5:07","4:21","125","107","1.22","8.2","10.1","270","50.3% vänster/49.7% höger","0.0","15,752","12.0","Nej","00:02:34.6","20","26.0","32","17","48","01:36:32","01:39:31","4","44"
Löpning,2024-03-20 12:00:42,false,"Kungälv - Bas","6.03","442","00:30:17","128","143","2.9","161","169","5:01","3:45","52","78","1.24","--","--","--","--","0.0","4,874","12.0","Nej","00:00:10.3","7","28.0","--","--","--","00:30:16","00:30:17","13","61"
Löpning,2024-03-19 17:13:03,false,"Kungälv Löpning","11.18","845","01:05:44","128","171","3.7","147","256","5:53","2:46","117","71","1.17","8.1","8.8","286","50.7% vänster/49.3% höger","0.0","9,154","10.0","Nej","00:00:11.3","59","30.0","30","11","49","01:00:32","01:05:44","23","51"
Löpning,2024-03-18 18:20:33,false,"Kungälv - Tröskel 30min","10.74","784","00:56:27","141","163","4.0","151","256","5:15","3:40","106","102","1.26","8.1","10.3","276","50.6% vänster/49.4% höger","0.0","8,258","10.0","Nej","00:00:17.7","13","26.0","32","16","44","00:50:01","00:56:27","47","76"
Löpning,2024-03-18 11:53:32,false,"Kungälv - Bas","5.99","442","00:29:24","130","143","3.1","162","170","4:55","3:34","120","56","1.26","--","--","--","--","0.0","4,740","12.0","Nej","00:04:32.5","6","31.0","--","--","--","00:29:22","00:29:24","16","50"
Löpning,2024-03-13 18:05:00,false,"Kungälv - Musses intervall","12.16","976","01:14:06","135","175","3.9","147","256","6:06","2:59","67","102","1.14","8.0","8.9","295","49.8% vänster/50.2% höger","0.0","10,400","14.0","Nej","00:01:00","27","31.0","32","16","45","01:03:24","01:14:06","8","76"
Löpning,2024-03-13 12:04:46,false,"Kungälv - Bas","5.99","441","00:30:04","132","143","3.0","161","187","5:01","3:53","64","62","1.24","--","--","--","--","0.0","4,840","19.0","Nej","00:04:45.0","6","29.0","--","--","--","00:30:01","00:30:04","2","43"
Löpning,2024-03-11 18:01:20,false,"Kungälv Löpning","15.32","1,234","01:29:55","140","167","4.4","154","256","5:52","3:36","148","146","1.12","8.3","9.2","283","51.3% vänster/48.7% höger","0.0","13,350","15.0","Nej","00:01:00.6","18","29.0","33","16","48","01:21:08","01:31:18","10","47"
Löpning,2024-03-11 12:08:08,false,"Kungälv - Bas","6.21","468","00:29:18","144","161","3.3","161","177","4:43","3:41","69","60","1.32","--","--","--","--","0.0","4,754","16.0","Nej","00:01:00.4","7","28.0","--","--","--","00:29:16","00:29:18","14","44"
Löpning,2024-03-02 13:37:07,false,"Kungälv - Bas","18.71","1,347","01:30:49","140","171","4.2","162","256","4:51","3:34","137","143","1.27","7.9","10.2","274","50.2% vänster/49.8% höger","0.0","14,474","15.0","Nej","00:00:05.3","20","28.0","34","13","51","01:28:18","01:30:49","--","47"
Löpband,2024-02-28 19:32:58,false,"Tröskel","10.03","582","00:48:03","136","163","3.2","163","175","4:47","3:56","--","--","1.28","8.3","10.8","272","50.3% vänster/49.7% höger","0.0","7,760","26.0","Nej","00:00:03.5","13","30.0","34","17","49","00:48:02","00:48:03","--","--"
Löpning,2024-02-27 12:06:41,false,"Kungälv - Bas","6.10","449","00:30:09","132","147","3.0","162","174","4:56","4:08","182","61","1.25","--","--","--","--","0.0","4,866","14.0","Nej","00:00:31.0","7","29.0","--","--","--","00:30:03","00:30:09","9","43"
Löpning,2024-02-26 18:02:26,false,"Kungälv - Bas","14.01","971","01:23:43","114","151","2.7","159","179","5:59","4:26","93","82","1.06","9.3","10.0","282","50.4% vänster/49.6% höger","0.0","13,128","15.0","Nej","00:01:25.6","15","30.0","27","12","38","01:21:40","01:28:46","-90","-52"
Löpning,2024-02-24 10:50:55,false,"Kungälv - Bas","25.26","1,816","02:03:36","137","168","4.5","164","213","4:54","3:37","366","205","1.23","8.4","10.5","265","49.5% vänster/50.5% höger","0.0","20,180","15.0","Nej","00:02:34.9","26","28.0","35","14","52","02:02:55","02:03:36","-1","51"
Löpning,2024-02-23 12:01:00,false,"Kungälv - Bas","6.07","472","00:31:08","138","157","3.0","161","176","5:08","4:04","76","224","1.21","--","--","--","--","0.0","5,006","15.0","Nej","00:00:21.1","7","28.0","--","--","--","00:31:06","00:31:08","3","44"
Löpning,2024-02-21 18:05:46,false,"Kungälv Löpning","15.01","1,105","01:17:22","136","177","4.0","162","213","5:09","3:12","92","89","1.21","8.2","9.7","270","50.4% vänster/49.6% höger","0.0","12,418","11.0","Nej","00:02:00.8","10","27.0","32","12","49","01:14:38","01:17:22","6","43"
Löpning,2024-02-21 12:02:31,false,"Kungälv - Bas","6.03","446","00:30:45","132","145","2.9","161","207","5:06","2:53","60","61","1.22","--","--","--","--","0.0","4,954","13.0","Nej","00:00:09.0","7","28.0","--","--","--","00:30:42","00:30:45","27","63"
Löpning,2024-02-19 18:03:12,false,"Kungälv Löpning","13.70","1,027","01:22:44","128","164","3.9","150","256","6:02","3:17","130","132","1.18","8.3","9.1","281","50.8% vänster/49.2% höger","0.0","11,738","11.0","Nej","00:00:02.6","20","30.0","31","12","49","01:09:44","01:22:44","-3","42"
Löpning,2024-02-19 12:02:25,false,"Kungälv - Bas","6.02","443","00:30:54","130","144","2.8","161","176","5:08","4:30","60","158","1.21","--","--","--","--","0.0","4,980","14.0","Nej","00:00:06.7","7","28.0","--","--","--","00:30:44","00:30:54","12","51"
Löpning,2024-02-17 10:42:08,false,"Kungälv Löpning","18.98","1,362","01:34:19","135","157","3.8","164","177","4:58","4:14","161","171","1.22","8.4","10.4","270","50.5% vänster/49.5% höger","0.0","15,422","12.0","Nej","00:04:36.2","19","27.0","33","17","41","01:34:11","01:38:32","23","82"
Löpning,2024-02-16 12:03:00,false,"Kungälv Löpning","6.04","459","00:32:07","132","149","2.9","160","172","5:19","4:22","63","146","1.17","--","--","--","--","0.0","5,144","17.0","Nej","00:00:13.0","7","29.0","--","--","--","00:32:01","00:32:07","9","46"
Löpning,2024-02-15 17:48:42,false,"Kungälv Löpning","11.29","815","00:56:38","142","159","3.4","163","178","5:01","4:30","102","108","1.22","8.6","10.7","272","50.5% vänster/49.5% höger","0.0","9,188","13.0","Nej","00:01:28.7","12","28.0","33","15","48","00:56:35","00:56:38","21","92"
Löpning,2024-02-14 12:08:22,false,"Kungälv - Bas","6.11","462","00:32:12","132","151","2.9","161","194","5:16","4:06","56","106","1.18","--","--","--","--","0.0","5,150","15.0","Nej","00:00:35.1","7","29.0","--","--","--","00:32:11","00:32:12","7","47"
Löpning,2024-02-13 17:01:40,false,"Kungälv Löpning","9.09","749","00:56:57","137","175","3.8","148","256","6:16","3:18","59","111","1.08","7.7","8.4","298","50.6% vänster/49.4% höger","0.0","8,262","12.0","Nej","00:00:45.5","15","30.0","32","11","47","00:50:38","01:08:48","26","58"
Löpband,2024-02-12 19:51:28,false,"Tröskel 30min","12.07","667","01:00:01","136","159","3.5","161","172","4:58","3:59","--","--","1.26","8.2","10.5","272","50.0% vänster/50.0% höger","0.0","9,576","21.0","Nej","00:03:28.8","13","29.0","32","12","41","00:58:50","01:00:01","--","--"
Löpning,2024-02-09 11:58:49,false,"Kungälv Löpning","6.06","492","00:30:50","145","158","3.4","160","173","5:05","3:33","52","60","1.23","--","--","--","--","0.0","4,944","15.0","Nej","00:00:24.9","7","29.0","--","--","--","00:30:33","00:30:50","68","106"
Löpning,2024-02-08 18:05:06,false,"Kungälv - FTP-testpass","7.79","588","00:38:31","142","166","3.5","162","180","4:57","3:59","74","125","1.25","8.5","10.7","270","50.3% vänster/49.7% höger","0.0","6,190","11.0","Nej","00:03:20.3","9","29.0","33","14","42","00:38:24","00:38:31","20","42"
Löpband,2024-02-07 19:31:01,false,"Intervall 8 x 3 min","11.18","688","01:00:11","144","174","4.0","148","208","5:23","3:19","--","--","1.29","8.1","10.6","276","50.3% vänster/49.7% höger","0.0","8,770","16.0","Nej","00:01:00","21","26.0","33","13","44","00:54:26","01:00:11","--","--"
Löpning,2024-02-06 12:02:49,false,"Kungälv - Bas","6.09","455","00:29:52","138","153","3.3","161","174","4:54","4:16","56","95","1.27","--","--","--","--","0.0","4,826","12.0","Nej","00:00:26.8","7","27.0","--","--","--","00:29:33","00:29:52","18","52"
Löpband,2024-02-05 19:41:00,false,"Kungälv Löpning","2.96","505","00:50:30","134","155","2.9","161","174","17:04","5:12","10","8","0.46","25.1","10.2","272","50.4% vänster/49.6% höger","0.0","8,066","19.0","Nej","00:02:01.2","9","28.0","31","13","46","00:49:30","00:50:30","-22","-18"
Löpning,2024-02-03 15:51:03,false,"Kungälv - Bas","12.80","968","01:08:13","138","163","3.6","162","217","5:20","4:27","175","175","1.14","8.9","10.3","278","49.8% vänster/50.2% höger","0.0","10,974","13.0","Nej","00:00:29.3","14","29.0","32","14","40","01:07:58","01:08:13","4","94"
Löpning,2024-01-31 18:03:24,false,"Kungälv - Musses intervall","11.62","966","01:09:19","141","180","4.4","143","216","5:58","3:11","112","183","1.17","7.6","8.7","292","50.1% vänster/49.9% höger","0.0","9,666","12.0","Nej","00:01:00","26","29.0","33","14","49","00:59:52","01:09:19","9","45"
Löpning,2024-01-31 12:02:54,false,"Kungälv - Bas","6.02","483","00:30:19","146","159","3.5","162","172","5:02","4:05","97","66","1.23","--","--","--","--","0.0","4,890","14.0","Nej","00:00:04.7","7","29.0","--","--","--","00:30:17","00:30:19","8","48"
Löpning,2024-01-29 18:04:20,false,"Kungälv Löpning","14.21","1,107","01:21:10","142","173","4.6","149","226","5:43","3:27","150","138","1.19","8.2","9.6","280","50.4% vänster/49.6% höger","0.0","11,880","15.0","Nej","00:00:59.9","20","30.0","34","15","57","01:12:11","01:21:10","3","42"
Löpning,2024-01-29 12:03:06,false,"Kungälv Löpning","6.05","475","00:29:43","146","166","3.5","163","174","4:55","4:04","102","59","1.25","--","--","--","--","0.0","4,816","18.0","Nej","00:00:14.9","7","28.0","--","--","--","00:29:40","00:29:43","9","51"
Löpning,2024-01-27 13:51:12,false,"Kungälv Löpning","18.29","1,412","01:43:02","137","164","4.0","156","218","5:38","4:48","152","156","1.14","8.5","10.0","279","51.0% vänster/49.0% höger","0.0","15,970","14.0","Nej","00:01:53.9","19","30.0","32","16","43","01:37:30","01:43:02","2","47"
Löpning,2024-01-13 15:24:35,false,"Kungälv - Bas","19.73","1,490","01:45:34","138","161","4.1","164","213","5:21","4:31","174","452","1.13","8.4","9.7","272","49.5% vänster/50.5% höger","0.0","17,242","10.0","Nej","00:00:10.9","21","28.0","32","18","43","01:44:40","01:45:34","3","83"
Löpning,2024-01-10 18:13:28,false,"Kungälv Löpning","9.25","745","00:57:17","133","177","3.3","149","244","6:12","3:15","296","198","1.09","8.4","9.0","299","50.3% vänster/49.7% höger","0.0","8,230","8.0","Nej","00:00:15.1","30","29.0","31","18","51","00:52:33","00:57:17","13","57"
Löpband,2024-01-08 19:28:59,false,"60 min löppning","11.72","703","01:00:20","134","169","3.3","161","205","5:09","3:43","--","--","1.22","8.0","9.9","275","50.3% vänster/49.7% höger","0.0","9,640","22.0","Nej","00:02:00","14","28.0","33","13","51","00:58:44","01:00:20","--","--"
Löpning,2024-01-06 09:03:38,false,"Kungälv Löpning","19.18","1,447","01:55:41","126","168","3.4","159","256","6:02","3:54","164","149","1.05","8.8","9.4","281","50.1% vänster/49.9% höger","0.0","18,164","-1.0","Nej","00:01:12.6","20","21.0","31","16","43","01:51:18","02:11:33","-9","36"
Löpning,2024-01-05 12:00:28,false,"Kungälv Löpning","6.03","475","00:30:00","144","157","3.3","164","173","4:58","4:11","56","61","1.23","--","--","--","--","0.0","4,918","10.0","Nej","00:00:14.5","7","28.0","--","--","--","00:29:58","00:30:00","9","47"
Löpband,2024-01-04 19:20:34,false,"Löpband","5.72","399","00:30:07","131","165","2.4","163","174","5:16","4:08","--","--","1.16","8.2","9.8","277","50.0% vänster/50.0% höger","0.0","4,908","20.0","Nej","00:03:49.0","6","29.0","32","14","41","00:29:54","00:30:07","--","--"
Löpning,2024-01-04 12:02:46,false,"Kungälv Löpning","6.03","495","00:30:51","145","174","3.2","164","174","5:07","3:24","59","61","1.19","--","--","--","--","0.0","5,058","2.0","Nej","00:00:09.1","7","27.0","--","--","--","00:30:46","00:30:51","16","52"
Löpning,2024-01-03 18:04:18,false,"Kungälv - Musses intervall","11.39","892","01:02:19","141","177","3.9","160","256","5:28","3:13","138","133","1.15","7.5","8.6","287","49.9% vänster/50.1% höger","0.0","9,566","4.0","Nej","00:01:00","26","30.0","33","17","43","01:00:35","01:02:19","5","42"
Löpning,2024-01-03 12:02:29,false,"Kungälv Löpning","6.03","484","00:30:33","144","156","3.3","165","177","5:04","3:53","78","145","1.20","--","--","--","--","0.0","5,024","6.0","Nej","00:00:10.3","7","26.0","--","--","--","00:30:32","00:30:39","15","53"
Löpning,2024-01-02 12:01:53,false,"Kungälv - Återhämtning","6.10","500","00:32:31","139","152","3.2","162","174","5:20","4:26","84","83","1.16","--","--","--","--","0.0","5,288","8.0","Nej","00:01:20.9","7","28.0","--","--","--","00:32:29","00:32:44","12","51"
Löpning,2024-01-01 18:02:00,false,"Kungälv - Bas","9.77","712","00:49:49","133","148","3.3","165","183","5:06","4:01","81","94","1.19","8.2","10.0","273","50.4% vänster/49.6% höger","0.0","8,168","12.0","Nej","00:00:50.5","11","28.0","32","19","39","00:49:43","00:51:19","9","58"
Löpning,2023-12-31 09:04:21,false,"Kungälv - Bas","9.92","746","00:53:22","136","153","3.2","165","192","5:23","2:56","72","72","1.12","8.5","9.8","269","49.8% vänster/50.2% höger","0.0","8,758","12.0","Nej","00:01:07.8","11","29.0","31","18","39","00:53:17","00:54:02","20","60"
Löpning,2023-12-23 08:02:42,false,"Kungälv Löpning","10.47","833","01:09:01","119","155","2.8","157","228","6:36","4:09","256","255","0.96","9.2","8.9","290","49.9% vänster/50.1% höger","0.0","10,742","6.0","Nej","00:02:34.0","11","19.0","28","13","38","01:05:56","01:09:01","7","76"
Löpning,2023-12-19 12:04:54,false,"Kungälv - Bas","6.07","456","00:29:49","137","154","3.0","164","174","4:55","4:05","61","92","1.24","--","--","--","--","0.0","4,904","15.0","Nej","00:00:21.9","7","28.0","--","--","--","00:29:41","00:29:49","8","47"
Löpning,2023-12-18 18:07:41,false,"Kungälv Löpning","13.78","1,013","01:13:06","132","166","4.1","155","256","5:18","3:32","124","120","1.23","7.5","9.2","272","49.6% vänster/50.4% höger","0.0","11,206","15.0","Nej","00:00:59.9","13","28.0","32","11","53","01:08:38","01:13:06","53","89"
Löpning,2023-12-16 08:01:19,false,"Kungälv Löpning","26.91","2,064","02:46:18","129","152","3.8","154","256","6:11","4:30","278","243","1.06","8.8","9.6","284","49.6% vänster/50.4% höger","0.0","25,252","14.0","Nej","00:05:18.8","27","26.0","31","12","46","02:34:46","02:46:18","2","59"
Löpband,2023-12-14 20:07:08,false,"Löpband","8.02","436","00:40:57","122","143","2.0","163","187","5:07","4:04","--","--","1.20","8.3","10.2","267","50.0% vänster/50.0% höger","0.0","6,664","19.0","Nej","00:00:04.4","9","29.0","32","15","41","00:40:48","00:40:57","--","--"
Löpning,2023-12-13 18:09:42,false,"Kungälv Löpning","13.47","978","01:10:19","136","177","4.1","156","233","5:13","3:15","136","92","1.22","7.6","9.0","265","49.3% vänster/50.7% höger","0.0","10,818","8.0","Nej","00:00:46.1","17","28.0","33","12","48","01:05:55","01:10:19","9","45"
Löpband,2023-12-12 20:04:59,false,"Bas","8.07","509","00:39:03","130","142","2.7","166","215","4:51","4:05","--","--","1.25","7.8","10.0","265","50.0% vänster/50.0% höger","0.0","6,426","18.0","Nej","00:00:03.3","10","30.0","32","12","39","00:38:44","00:39:03","--","--"
Löpning,2023-12-11 17:58:22,false,"Kungälv Löpning","14.28","1,002","01:25:13","119","157","3.0","156","197","5:58","4:51","130","93","1.08","8.6","9.5","281","50.2% vänster/49.8% höger","0.0","13,114","11.0","Nej","00:01:38.9","15","29.0","27","11","41","01:21:09","01:25:13","7","42"
Löpning,2023-12-11 12:06:19,false,"Kungälv - Bas","6.06","484","00:32:07","138","155","3.2","160","181","5:18","4:29","56","118","1.18","--","--","--","--","0.0","5,176","9.0","Nej","00:00:26.6","7","28.0","--","--","--","00:31:55","00:32:07","15","49"
Löpning,2023-12-10 10:30:53,false,"Kungälv - Bas","18.20","1,328","01:37:47","131","161","3.8","162","209","5:22","4:36","159","156","1.15","8.3","9.8","271","49.9% vänster/50.1% höger","0.0","15,772","11.0","Nej","00:01:26.4","19","25.0","32","13","44","01:35:18","01:37:47","8","88"
Löpning,2023-12-04 17:57:19,false,"Kungälv Löpning","13.72","999","01:21:41","124","166","3.8","148","256","5:57","3:35","133","134","1.12","8.1","9.1","286","49.8% vänster/50.2% höger","0.0","11,956","8.0","Nej","00:03:00.1","13","30.0","30","11","52","01:13:57","01:21:41","2","41"
Löpning,2023-12-02 10:54:32,false,"Kungälv Löpning","22.06","1,608","02:03:49","125","152","3.9","160","201","5:37","4:40","212","212","1.12","8.6","9.8","280","50.2% vänster/49.8% höger","0.0","19,664","5.0","Nej","00:00:23.4","23","25.0","31","12","43","02:00:47","02:03:49","5","96"
Löpband,2023-12-01 19:34:18,false,"Löpband","5.25","293","00:30:10","115","137","1.5","157","176","5:45","4:40","--","--","1.12","9.1","10.4","289","50.2% vänster/49.8% höger","0.0","4,718","18.0","Nej","00:01:22.2","6","30.0","29","13","37","00:29:52","00:30:10","--","--"
Löpning,2023-12-01 12:02:38,false,"Kungälv Löpning","6.12","469","00:31:15","138","150","3.2","163","176","5:07","4:29","60","126","1.20","--","--","--","--","0.0","5,088","8.0","Nej","00:00:36.5","7","28.0","--","--","--","00:31:12","00:31:15","14","56"
Löpband,2023-11-30 19:03:39,false,"Löpband","5.59","405","00:30:20","131","142","2.6","159","166","5:26","5:03","--","--","1.17","8.7","10.3","281","49.9% vänster/50.1% höger","0.0","4,790","18.0","Nej","00:03:07.6","6","28.0","30","16","38","00:30:00","00:30:20","--","--"
Löpning,2023-11-30 12:06:20,false,"Kungälv Löpning","6.02","474","00:30:09","145","157","3.5","164","177","5:01","3:47","56","107","1.22","--","--","--","--","0.0","4,968","7.0","Nej","00:00:05.2","7","28.0","--","--","--","00:30:02","00:30:09","16","52"
Löpning,2023-11-29 18:00:11,false,"Kungälv Löpning","12.91","960","01:11:12","133","176","4.4","156","226","5:31","3:34","87","85","1.16","7.8","9.2","280","49.8% vänster/50.2% höger","0.0","10,988","4.0","Nej","00:02:27.4","13","30.0","32","13","45","01:06:58","01:12:40","47","91"
Löpning,2023-11-28 12:07:58,false,"Kungälv - Bas","6.05","470","00:29:25","145","158","3.6","163","187","4:52","4:15","61","155","1.26","--","--","--","--","0.0","4,800","6.0","Nej","00:00:14.7","7","28.0","--","--","--","00:29:23","00:29:25","16","54"
Löpband,2023-11-27 19:31:46,false,"Löpband","12.33","728","01:01:55","134","161","4.0","158","181","5:01","4:00","--","--","1.26","8.4","10.7","279","50.2% vänster/49.8% höger","0.0","9,716","16.0","Nej","00:01:50.9","13","31.0","31","9","41","01:01:03","01:01:55","--","--"
